﻿classificacao,comentario,justificativa,sentimento_manual
Positive,i swear she put smth in that chorus its so addicting,The commenter expresses a positive reaction by describing the chorus as 'addicting',
Positive,"It’s giving mariah carey 2000s vibes with mix inspired maddona, lana del ray, charli xcx and lorde","The comment expresses a positive association, comparing the music video to iconic and popular artists, indicating a favorable reaction.",
Positive,"This is PURE Lana del Rey, the lyrics, the video, the music style.",The commenter expresses enthusiastic appreciation and identifies with the artist's style and work.,
Positive,That key change on the final chorus…OMG,The use of 'OMG' indicates extreme excitement and positive reaction to the musical element.,
Positive,Lana Del Ray meets 90’s Mariah Carey vibes.,"The comment expresses a positive comparison, associating the music video with beloved artists and a desirable aesthetic.",
Positive,There’s something so emotional about this music video. She’s so beautiful and effortless. She deserves all the success.,The commenter expresses admiration and positive feelings towards the artist and the video's emotional impact.,
Positive,"I love how this song has a dreamlike vibe, and then it sounds like it's ending, but then continues in a deeper tone like your slipping into an even deeper dream.",The commenter expresses clear enjoyment and positive descriptions of the song's atmosphere and progression.,
Positive,"This is perfection.  Her moves, the lyrics, the video, the nostalgia.  Nailed ❤it.",The commenter expresses enthusiastic admiration and positive feelings using emojis and strong positive language.,
Positive,This song is honestly a vibe,The phrase 'a vibe' indicates a positive and enjoyable feeling about the song.,
Positive,This beat is insane. The production is A+. Whether you like the lyrics or not,The commenter uses strong positive language like 'insane' and 'A+' expressing enthusiasm for the music video.,
Positive,Did not expect to be listening to Addison Rae ever 😂 but my God this is so catchy. It’s giving me 90s pop star vibes.,The commenter expresses enjoyment and positive impressions with phrases like 'so catchy' and 'giving me 90s pop star vibes'.,
Positive,This song totally has young nostalgia all over it. Reminds me of my early 20's. Good times good vibes,The commenter expresses positive feelings about the song and evokes memories of 'good times' and 'good vibes'.,
Positive,I can’t help but replay this over and over. Love the melody and flow of this. It’s giving early 2000s vibes for me. I don’t know much of Addison but one thing from this video I can take is she seems so free spirited and quirky. Love that! ❤ Can’t  wait for more music from her! She has a nice voice and good taste of music!,"The commenter expresses clear enjoyment and enthusiasm for the music video and artist, using positive language and emojis.",
Positive,This is 2010s vibe,The comment expresses a positive appreciation for the music video's style and era.,
Neutral,Jojo take notes,This comment is a simple observation and lacks any expressed emotion or opinion.,
Negative,Lana del rey's  influence is all over this video and lyrics! Wtf,The use of 'WTF' indicates strong disapproval and criticism of the video's content and Lana Del Rey's influence.,
Positive,The chorus omfgggg fireeeee,The use of intensifiers like 'omfgggg' and 'fireeeee' clearly indicates strong positive excitement about the music video's chorus.,
Positive,"omg the part where she has the american flag held up and then her hair blows up is my favorite shot. This video gives me classic beauty 1950s moviestar glamour vibes. Can't really describe it any other way, this song and overall production is just so... well done🤩",The commenter expresses clear enthusiasm and appreciation for a specific visual element and overall production quality.,
Positive,This song hits all the right notes,The comment expresses a positive feeling about the song using the phrase 'hits all the right notes'.,
Positive,"she's doing more for music than the Beatles , rolling stone ,  etc. trust me I'm 62 and I recognize music when I see it. I mean hear it. Ok send siri send","The commenter expresses a strong positive opinion, explicitly comparing the artist favorably to legendary musicians.",
Positive,That’s her singing this ? It’s really catchy,The comment expresses positive feelings about the song's catchiness.,
Negative,not enough talkng abt how insane the pitch shift towards the end is,"The comment expresses a critical opinion about the music video's pitch shift, indicating a negative sentiment.",
Positive,"I'll be honest, I had no clue who Addison Rae was.  But when I heard this, all I thought was, it's got a great hook, and it contained not only a bridge (quite rare in today's pop music) but also a key change, also rare.  And it was a downward modulation at that, which is novel.  Artistically, this was also the same moment when the video switched to color.  I'm pretty sure the creators of this video might've had some David Lynch on their mind with the oldies vibe and flash frame editing, along with some Americana.  I'm quite impressed.","The commenter expresses strong positive opinions about the song's musical elements and artistic choices, using words like ‘great,’ ‘impressed,’ and describing it favorably.",
Negative,This has been one if not the worst music video I have ever seen 😅 please do better next time,The comment expresses strong disapproval and criticism of the music video using phrases like 'worst' and 'please do better'.,
Positive,ADDISON I CANT STOP LISTENING ITS SO CATCHY ITS STUCK IN MY HEAD,The user expresses enjoyment and a strong positive reaction to the song's catchiness.,
Positive,"Other than the masterpiece video, the song gives me such a nostalgic feeling of being 21 and super in love, it’s so bittersweet I love it.","The commenter expresses strong positive feelings about the song and video, using words like 'masterpiece,' 'nostalgic,' and 'love'.",
Neutral,Does anyone know any songs like this? the ethereal sort of sound? Not the lyrics but the genre,"The comment expresses a request for similar music, lacking explicit positive or negative emotional language.",
Positive,I want to hate it but… it’s catchy.,"The commenter initially expresses a desire to dislike the song but ultimately admits it's catchy, indicating a positive reaction.",
Positive,Definitely Lana del Rey vibes,"The comment expresses a positive association with the artist and style, indicating enjoyment.",
Positive,This song gives Gossip Girl vibes(especially Chuck Blair),"The comment expresses a positive association with the song, comparing it favorably to the character Chuck Blair from Gossip Girl.",
Positive,The four shots after 1:05 has a visual rhythm I'm obsessed with,"The user expresses a strong positive feeling, stating they are ‘obsessed’ with the visual rhythm.",
Positive,haters can hate all they want but no one can deny Addison putting is out some solid fun catchy bops.,The comment expresses admiration and enjoyment of the music (,
Positive,"Song of the year, vibe of the year, so proud of you baby 💖","The comment expresses admiration and pride, indicating a positive sentiment towards the artist and the song.",
Positive,It gives a nostalgic chill vibe like those days of watching the rain from the window as a kid,The comment expresses a pleasant and evocative feeling associated with the music video's atmosphere.,
Positive,she's bringing us back to that 2014 tumblr teen vibes with a rio de janeiro filter on during the summer in los angeles,"The comment expresses a nostalgic fondness for the music video's aesthetic, indicating a positive sentiment.",
Positive,This song and video gave me marilyn and lana vibes,The comment expresses a positive association with the music and visuals by referencing popular and well-regarded artists.,
Positive,The producer/ producers did a great job with the beat especially at the intro. Love it.,The commenter expresses enthusiastic praise for the beat and uses the positive word 'love' indicating a favorable opinion.,
Positive,it feels so nostalgic ....,The use of 'nostalgic' indicates a positive emotional response to the music video.,
Positive,Cassie vibes!,The commenter expresses a positive association with the music video by referencing the artist 'Cassie' and using the enthusiastic exclamation 'vibes!',
Positive,I came here after hearing tates “purple lace bra” chorus. Definitely sound similar,The commenter expresses enjoyment and a positive association with the song's chorus.,
Positive,"Why does this song give me ""Diet Mountain Dew"", by Lana del Rey vibes?😭",The use of the crying emoji and comparison to a well-regarded song indicates a positive association and enjoyment.,
Positive,I loved the song but i didnt expected the mv to be like this😂 its kinda cringe and seem like its made for the OF subscribing mens but still loving the mv its super vibe song for me,"Despite acknowledging a 'cringe' aspect, the commenter expresses overall enjoyment and describes the song as a 'super vibe'",
Positive,"Until I just now read the lyrics, I always thought that she said, ""My lips reflect off of his COSTCO chain"", lol😂. Apparently, she says, ""CROSS GOLD chain"". I think that my way is better, (cuz it's like, funnier, lol).","The commenter expresses amusement and a preference for their interpretation, indicating a positive reaction to the video and its humor.",
Positive,"Anyone else getting ""heatwave"" vibes","The commenter is expressing a positive association with the music video, referencing a familiar and appealing song.",
Positive,"""In the backseat"" is my favorite part her vocals are amazing.",The commenter expresses a positive opinion by stating the song's section and praising the vocalist's performance.,
Neutral,She remembers me of national anthem chemitrails over the country club vibes,"The comment mixes seemingly unrelated elements (national anthem, chemtrails, and 'country club vibes') without a clear emotional tone or explicit positive or negative opinion.",
Positive,"THE VIDEO, THE TRANSITIONS, THE SONG, THE VIBES, EVERYTHING 😫🫶🏾🫶🏾💞","The use of emojis like 😫, 🫶🏾, 🫶🏾, and 💞 clearly indicates a positive and enthusiastic reaction to the video.",
Positive,"I think the girls biggest asset is her confidence, she certainly has it and its powerful.",The comment expresses admiration and highlights a positive quality – confidence – which indicates a positive sentiment.,
Positive,Ela me lembra a britney spears... passa uma vibe sexy,"The comment expresses a positive association with Britney Spears, describing the video as 'sexy,' indicating a favorable reaction.",
Positive,diet pepsy is litterally the best between the three songs srry <3 it's already so nostalgic,The commenter expresses strong positive feelings about the song and uses affectionate language ('<3') suggesting enjoyment.,
Positive,This song is such a vibe omgg 😩🫶🏼,The use of enthusiastic emojis and phrases like 'such a vibe' clearly indicates a positive emotional response.,
Positive,she gives the vibe of lana del rey!❤ initially she putting her own track Aquamarine!🎀😍,"The use of emojis (❤, 🎀, 😍) and the comparison to Lana Del Rey indicates a positive reaction to the music video.",
Negative,The Born to Die vibes from this is absurd,The comment uses 'absurd' to express a negative reaction to the music video's resemblance to 'The Born to Die'.,
Neutral,Great song! But I really want to know how Pepsi marketers reacted to this cuz Its kind of giving ad-vibe,The comment expresses a positive opinion of the song while also introducing a tangential observation about the video's potential advertising connections.,
Positive,Lana del Rey vibes,"The comment expresses a positive association, referencing a well-regarded and beloved artist (Lana Del Rey).",
Positive,This is lana delnrey lyrics in Taylor swifts style,"The comment expresses a positive comparison, suggesting a favorable stylistic blend.",
Positive,Found this from IG reels and the hook chorus got me. I like this type of music. It's a vibe.,"The commenter expresses enjoyment and appreciation for the music, using phrases like 'got me' and 'it's a vibe'.",
Neutral,the lyrics is trash but the melody is really good. Why can't they just write about something other than sex and drugs tho lol.,"The comment expresses mixed feelings, acknowledging a negative aspect (lyrics) while also highlighting a positive one (melody) with a slightly humorous observation.",
Neutral,Love the music except the lyrics,"The comment expresses a preference for the music itself while identifying a specific issue with the lyrics, indicating a mixed but not overwhelmingly negative opinion.",
Positive,She gives the vibe of lana and marylin monro,The comment expresses a positive comparison to well-regarded figures known for their charisma and style.,
Positive,So catchy and smooth,The comment expresses positive feelings about the song's qualities—'catchy' and 'smooth'.,
Positive,"Such an addictive and catchy song, I love the melody and vibe..... reminds me of a song from the past that I can't quite recall, like a 90's 00's vibe, but with a mix of mebbe something like a song from a medieval tavern sang by some elven lady with her ethereal voice. I heard this one the radio and liked it the instant I heard it. I hope she makes more songs like this one.",The comment expresses strong positive feelings about the song's qualities and desires for more similar music.,
Neutral,"Song is good but i wish the music video had better quality and focused more on a certain storyline rather than her body 😅 it looked pretty dark, random, and chaotic compared to the song’s light, ethereal vibe","The comment expresses mixed feelings – acknowledging the song's quality while criticizing the video's visual elements and lack of focus, presenting a balanced assessment.",
Negative,This is just a softcore porn video for young kids. ITs been out for months and has never once been listened to by anyone with any clout whatsoever. Like jesus crist I came here off a Ludwig video just because I wanted to see how bad it sounded  and holy shit this did not dissapoint with how bad it was . I cant even make out the lyrics. The video is literally just her grinding on a dude trying to drive a car. Every single thing about this is disgusting and unsafe,"The comment expresses strong disapproval and disgust, using phrases like 'disgusting and unsafe,' indicating a negative sentiment.",
Positive,PLS THE WAY MY HEAD JUST NATURALLY STARTED BOBBING TO THE BEAT I CAN'TTTTT,The exclamation points and enthusiastic phrasing clearly indicate a positive reaction to the music video.,
Positive,"Perfect as is but if you listen at 0.75x it gives the song a whole new vibe and also lasts longer lmaooo the reverb is so satisfying in headphones ... this mv is proving addison to be a student of Madonna, Lana, Britney, Gaga.. unafraid to reference or reference put it in a blender..","The comment expresses enthusiastic appreciation for the music video, highlighting its positive qualities and innovative aspects.",
Positive,This is like Lana x charli vibes,"The comment expresses a positive association with the artists Lana and Charli, indicating a favorable impression.",
Positive,This song has a sexy vibe ❤,The use of the heart emoji and the word 'sexy' clearly indicate a positive sentiment towards the song.,
Positive,Ngl I was a fat ass hater until I heard this at the coffee shop. Catchy af lol,The commenter uses enthusiastic language ('catchy af lol') indicating a positive reaction to the music video.,
Negative,"It sucks, that the lyrics are so stupid dumb.","The comment uses negative language ('sucks', 'stupid dumb') expressing dissatisfaction with the lyrics.",
Positive,the beat kinda reminds me of heatwaves but in a good way,"The commenter expresses a positive comparison, stating the music 'reminds me of heatwaves but in a good way'.",
Positive,"Seeing addison always made me cringe but this song brings a nostalgic feeling not many pop artists give me. Brings me back to my teenage years in the early 2000s. I know ""losing all my innocence in the back seat"" is a different meaning in this song but i did all kinds of crazy things in the back seat of my friends cars losing my innocents in all sorts of different ways. This song has me reminiscing, I'm glad to be where i am now bc of those times and hearing this song today has me feeling some type of way. 🥵",The commenter expresses a nostalgic and positive feeling about the song and its connection to their past experiences.,
Negative,Such a beautiful song and such a disgustingly awful video,The comment expresses a clear negative sentiment due to the use of 'disgustingly awful' alongside a positive element.,
Positive,I hope this doesn’t come across as creepy lol but her body is so pretty! The chorus is angelic.,"The comment expresses admiration and positive feelings about the artist’s appearance and the song’s music, indicating a positive sentiment.",
Negative,Autotuned to hell..,The phrase 'autotuned to hell' expresses a strong negative opinion about the vocal processing in the music video.,
Positive,"Love the black and white music video, Diet Pepsi is great, love the old car and her pin up outfits/ sunglasses! And the guy is so handsome, love the beat change towards the end! 😍🥰😘👑💎🏆⚜️📺🎬🎥🩶🤍🖤👌🏻 🎵 🎶 😎 📝","The comment expresses enthusiastic appreciation for various aspects of the video, using emojis and positive language.",
Negative,"What a great melody and tune, completely ruined by the crass commercialisation that renders it nothing more than an advert for Pepsi. Great waste of a tune. No credible artist would do this.",The comment expresses disappointment and criticism regarding the commercialization of the music and its diminished quality.,
Positive,It's catchy well written well crafted well produced,The comment expresses enthusiastic praise for the music video's quality and execution.,
Neutral,The song:❤ the video: 💀 the lyrics: 😁,"The comment expresses mixed feelings with emojis indicating positive, negative, and neutral reactions to the song, video, and lyrics respectively, making the overall sentiment ambiguous.",
Negative,This had to be one of the worst songs I have ever heard,The comment expresses strong dissatisfaction and clearly indicates a negative opinion of the song.,
Neutral,"It's a slightly lame 90s girl power sound, its nice the singer doesn't take herself too seriously. The Lana but a Pinup girl influence is there but its not as deep or interesting as Lana. It's a one and done kinda thing, wont last.","The comment expresses mixed feelings, acknowledging some positive aspects (singer's approach) alongside criticisms of the music's depth and potential lack of longevity.",
Positive,Love the tone ♥️ very feminine,"The comment expresses fondness and appreciation for the video's tone, indicating a positive sentiment.",
Positive,Lana del Rey vibes,"The comment expresses a positive association with Lana Del Rey, indicating a favorable opinion of the music video.",
Neutral,the chorus is soooo good but the rest of the lyrics are so cheesy i cant get past it,"The comment expresses mixed feelings, praising the chorus while criticizing the lyrics, indicating a neutral overall sentiment.",
Negative,I like this song but this video is so bad. It just drags on without any interesting content. Also why is she acting all goofy? Doesn’t match the vibe of the music.,"Despite liking the song, the commenter expresses dissatisfaction with the video's content and visuals, indicating a negative overall sentiment.",
Negative,Could have been a really beautiful heavenly song if it wasnt about shagging at the back of a car. Let down. Beautiful singing. Cheap lyrics horrible video,"The comment expresses disappointment and criticism of the lyrics and video, outweighing the positive sentiment of the singing.",
Positive,This is like euphoria cassie’s vibe,The comment expresses a positive comparison to the artist Cassie’s song ‘Euphoria’.,
Positive,I keep listening to this song every day. It has such a catchy tune.,"The commenter expresses enjoyment and repeated listening, indicating a positive sentiment towards the song.",
Positive,I need some other songs with the same vibe as this,The user expressing a desire for more songs with a similar vibe indicates a positive reception of the music video's sound and atmosphere.,
Negative,Anyone getting the vibe that this video was inspired by the controversial book and movie Lolita?,"The comment expresses a negative association with the video due to its perceived inspiration from a controversial and unsettling work, Lolita.",
Positive,"Damn I really have an Addison Rae song in my rotation?! 🤨 this goes so hard, the chorus is so good 😭🔥","The commenter expresses enthusiastic enjoyment of the song and its features, using emojis to convey excitement.",
Positive,she has Lana Del Rey vibe,"The comment expresses a positive association, comparing the artist to a well-regarded artist (Lana Del Rey).",
Positive,This song gives 2014 vibes I loveeee,The use of 'loveeee' and referencing a fondly remembered year clearly indicates a positive feeling towards the song.,
Positive,I thought it was taylor swift on the chorus😭😭😭,The use of emojis and the phrase 'I thought it was taylor swift' indicates a strong positive sentiment towards the music video.,
Negative,Wtf are those video shots. I would love this song if it weren't for the lyrics which i have a bad experience with,"The comment expresses dissatisfaction with the video shots and lyrics, indicating a negative overall experience.",
Positive,this looks and sounds like lana del rey vibes,"The commenter expresses a positive association, comparing the video to a well-regarded artist.",
Negative,addison successfully got herself out of the tiktok star jail! d'amelios take notes,The comment uses sarcasm and disparaging language ('tiktok star jail') suggesting a negative opinion of Addison and the D'Amelio family.,
Positive,"Repeat for sure , the moment when we feel everything is like a movie… we hope you stay and aren’t crazy 😅❤️❤️ these moments with your love are unforgettable and incomparable 😊","The comment expresses fondness and appreciation for the music video's evocative moments, using emojis and positive language.",
Positive,"I mostly love alternative metal like Tool/Deftones and 90s shoegaze, but there's something transcendent about a perfect pop song. This is that. That chorus instantly captivated me the first time i heard it. It's literally perfect, melodically harmonically effervescent. And then the way it shifts down one semitone at the very end was a cool inspired twist. Love this track. ✨",The commenter expresses clear enthusiasm and positive descriptions of the song's quality and elements.,
Neutral,"Ok, not a bad song BUT really seems like kind of ripping off Lana Del Rey vibes.. even the song title “diet pepsi” .. trying to have her own Diet Mountain Dew moment.","The comment acknowledges a similarity to Lana Del Rey but doesn't express outright dislike, presenting it as an observation rather than a criticism.",
Negative,Shannon Sharpe is somewhere beating off to this music video.,"The comment uses vulgar language and suggests aggressive, unwanted sexual behavior, indicating a negative sentiment.",
Positive,It's giving Born to Die from LDR Wish copy version vibes,"The comment expresses a positive comparison to a well-regarded song, suggesting a favorable reaction to the music video.",
Positive,"I’m getting Cindy Crawford Pepsi commercial. But I’m 42 so 🤷🏼‍♀️ That said, as a late bloomer…this whole song is a trip down memory lane. And if this is her new vibe, sign me allllll the way up. 🫦🎸","The commenter expresses a positive feeling about the song, describing it as a 'trip down memory lane' and indicating they enjoy the artist’s new vibe.",
Negative,Why must you name this song after one of the worst sodas ever lol,"The comment expresses amusement and criticism of the song's title, indicating a negative opinion.",
Positive,This song gives me 2015 vibes,"The comment expresses a positive association with the song, referencing a nostalgic and desirable year.",
Positive,It’s giving new gen Lana Del Rey aesthetics and vibes,"The comment expresses a positive comparison, indicating a favorable aesthetic and mood association with the music video.",
Positive,girl we need more of this vibe istg,The comment expresses a positive feeling about the music video's atmosphere and energy (,
Positive,Addison and Tate are really bringing the Britney vibe back to pop and I love it.,"The commenter expresses enthusiasm and enjoyment of the music video's style, indicating a positive sentiment.",
Positive,Interesting video it's difft listening to it love the beats was stuck in ma head ❤😊🎉,"The commenter expresses enjoyment and affection for the video and its beats, indicating a positive sentiment.",
Positive,This song it catchy af,The use of 'af' (as in 'catchy af') is slang indicating strong positive enthusiasm for the song's appeal.,
Positive,I was thinking why is this song so catchy and I’ve done figured it out! Amel Leurrix - For real,"The commenter expresses enjoyment and understanding of the song's appeal, indicating a positive sentiment.",
Positive,couldn't figure out what it sounded like at first...but tune and melody is real close to Heat Waves by Glass Animals,"The commenter indicates a positive reaction by comparing the music to a well-regarded track, suggesting a favorable impression.",
Positive,"It’s good, I like the song. It gives off diet Mountain Dew vibes",The commenter expresses enjoyment and positive association with the song and its aesthetic.,
Positive,"the lyrics remind me so much of 'love song' by lana - 'in your car, in your car, in your backseat, im your baby' / 'when we drive in your car im your baby, losing all my innocence in the backseat'. just pointing out the similarities, not necessarily a critique on the song in any way.",The commenter expresses a positive association with the music video’s lyrics through a clear and enthusiastic comparison to a well-regarded song.,
Negative,These must be the most basic lyrics I have ever heard in my life,"The comment expresses dissatisfaction with the simplicity of the lyrics, indicating a negative sentiment.",
Positive,lana del rey vibes lowkey,The comment expresses a positive association with Lana Del Rey's music style.,
Positive,"does anyone else feel like the music video intro and the title reminds them of sabrina carpenters ""espresso"" music video? also i get HEAVY britney spears and lana del rey vibes from addison in this music video.","The commenter expresses positive comparisons to well-regarded artists, indicating a favorable reaction to the music video's aesthetic.",
Positive,This is way better than i expected and is way better than it has any right being absolute catchy banger,The commenter expresses strong positive feelings about the music video using enthusiastic language like 'way better' and 'absolute catchy banger'.,
Positive,"Everyone is talking about Lana del Rey, but this song is clearly a reference to lolita, even the costume, I see a reference to Lana in the beat, it reminds me of White Mustang","The commenter expresses enthusiastic appreciation for the song's similarities to Lana Del Rey’s work, highlighting positive associations like 'White Mustang'.",
Positive,why does it sound nostalgic 😮,The use of the surprised emoji (😮) and the word 'nostalgic' strongly indicate a positive emotional response to the music video.,
Positive,"I see she took several pages out of Lana’s book. Lyrics and all, lol.","The commenter seems to be admiring the music video's similarity to Lana Del Rey's style, indicating a positive reaction.",
Positive,A Lana Del Rey reincarnation and repackaged for contemporary audiences. She is great.,The comment expresses a positive opinion by stating Lana Del Rey is,
Positive,"Idk it's giving ""Blue Jeans"" and ""Born To Die"" vibes by Lana Del Rey but okay🤷","The commenter is referencing Lana Del Rey's popular songs in a positive way, indicating enjoyment of the music video's aesthetic.",
Positive,This is giving LDR Born to Die/ Blue Jeans vibes,The commenter is expressing a positive association with the music video by comparing it favorably to a well-regarded and popular song.,
Positive,Tate and Addison would make a such a good song together because I feel they have the same vibe of music ✨🫶,"The commenter expresses enthusiasm and a positive feeling about the potential collaboration between Tate and Addison, using emojis to reinforce this sentiment.",
Positive,This has late 90 vibes,The comment expresses a positive association with music from the late 90s.,
Positive,love this 2010s vibes,The comment expresses enjoyment and appreciation for the video's style.,
Positive,Ldr vibes,The term 'LDR vibes' suggests a romantic and positive feeling associated with long-distance relationships.,
Positive,This song is such a VIBE .,The use of 'VIBE' indicates a positive emotional response to the music video.,
Positive,the car scene remind me of cassie and nate vibes,"The comment expresses a positive association with the music video's aesthetic, referencing a nostalgic and appealing pairing (",
Neutral,This kinda sounds like Tate McRae's Purple Lace Bra like in the chorus,"The comment expresses a similarity to another song, indicating observation rather than explicit positive or negative emotion.",
Negative,"This is a great song, and I get that she's having fun but it really disturbs me how she's doing so much and none of it is on beat.","The comment expresses discomfort and criticism regarding the music's timing, indicating a negative sentiment.",
Positive,"I guess nobody has ever heard of AllieX, totally those vibes. Good stuff.",The commenter expresses a positive opinion by stating 'those vibes' and 'good stuff'.,
Positive,The pre-chorus crushes it,"The commenter expresses enthusiastic approval, using 'crushes it' to indicate a strong positive reaction.",
Neutral,I only like the chorus and the lyrisch are honestly still not that good in my opinion. Buuuuuut tue chorus is really nice so I still listen to this song on repeat lol,"The comment expresses mixed feelings, acknowledging both positive (liking the chorus) and negative (lyrical quality) aspects, resulting in a neutral overall sentiment.",
Positive,This is a total vibe. Damn girl ❤️‍🔥❤️‍🔥,The use of emojis and phrases like 'total vibe' clearly expresses enthusiastic enjoyment.,
Positive,Lana and Taylor vibes,"The comment expresses a positive comparison, associating two well-liked artists.",
Negative,Worst song ever,The comment expresses strong disapproval and a negative opinion of the song.,
Positive,this gives me west coast vibes wow,"The commenter expresses enthusiasm with 'wow', indicating a positive reaction to the music video's style.",
Neutral,Hmm. Like the song. Video not so much. Like she such a beautiful girl and I feel like this does the opposite. At least in my opinion. It just makes you not look classy at all. I know no one really is anymore but like there was some marilyn vibes in there. Maybe cuz it was black and white and the outfit and the flag thing I unno maybe it’s just me,"The comment expresses mixed feelings, acknowledging a liking for the song while criticizing the video's aesthetic and offering subjective interpretations without strong emotional tone.",
Positive,I get the vibe from untouched by the Veronica's,"The comment expresses a positive appreciation for the video's atmosphere and style, indicated by the phrase 'I get the vibe'.",
Positive,addison is giving me early 2000s vibes that i never got to experience 😭😭😭🥲🥲🥲,The use of emojis and phrasing like 'never got to experience' expresses nostalgic enjoyment and a positive sentiment.,
Negative,One of the worst songs I've ever heard.,The comment expresses strong dissatisfaction and a negative opinion about the song.,
Positive,The lyrics are Lana Del Rey-esque,"Comparing the music to Lana Del Rey is a positive assessment, indicating enjoyment of the style.",
Positive,"Tbh, I never really hated her songs. I did find them catchy",The comment expresses a positive opinion by stating the person didn't dislike the music and found it catchy.,
Positive,Nahhhh cause this whole time I thought i was hearing taylorswift in the chorus!!!,The commenter expresses a positive reaction by playfully and enthusiastically believing they heard Taylor Swift's voice.,
Positive,this is literally so nostalgic,The use of 'nostalgic' indicates a positive emotional response to the music video.,
Neutral,And how's the song title plays the role of the whole lyrics? How is it related to the song talks about but that word only serves just a cameo found in some one single line?,"The comment expresses a curious question about the song's title and its connection to the lyrics, lacking explicit emotional tone.",
Positive,This giving beyonce vibe,"The comment expresses a positive association with Beyoncé, indicating approval and enjoyment.",
Neutral,Took a while to vibe with the lyric saying backseat,The comment expresses a subjective feeling (,
Positive,"This song is sooooo good. But I would have wanted the video to be more serious and still keep the fun and enjoyment but still have that serious moment. Something inspired or that feels like idk, The Notebook or Katy Perry in her video “Thinking Of You” look. Or even the Great Gatsby. Either way this song is such a vibe! 👏👏✨","The commenter uses enthusiastic language like 'sooooo good' and 'such a vibe,' and expresses a desire for a visually appealing video, indicating a positive overall reaction.",
Positive,"I'll say it, this song is catchy af",The use of 'catchy af' indicates strong positive enjoyment of the song.,
Positive,Nice melody reinterpretation of Amel Larrieux- For Real,"The commenter expresses approval with phrases like 'Nice melody reinterpretation,' indicating a positive reaction.",
Positive,The way she has more popstar vibes than Madison Beer says a lot,"The comment expresses a positive comparison, suggesting the artist evokes a desirable style similar to Madison Beer.",
Negative,This was the worst shir i have ever witnessed,"The comment uses strong, negative language ('worst') expressing a highly unfavorable opinion of the music video.",
Negative,terrible awful music. No talents only redeeming quality is that she's hot.,"The comment uses strongly negative descriptors ('terrible,' 'awful') and focuses criticism on the music while also offering a superficial compliment.",
Positive,2016 vibess,"The comment expresses nostalgia and appreciation for a specific year, implying a positive association.",
Positive,Lana vibes ❤,The use of 'vibes' and the heart emoji clearly express a positive feeling towards the music video.,
Negative,IM THANKFUL I LISTENED TO THE SONG FIRST and didnt watch the MV. lol the mv is a bit off putting to the actual song. i was expecting a driving kinda sunset-chill-talking about his man vibe.,The commenter expresses disappointment and finds the music video 'off-putting' compared to their expectations of the song's vibe.,
Positive,"wow, these lyrics are intense!",The exclamation and positive adjective ('intense') indicate a favorable reaction to the lyrics.,
Negative,The chorus sounds like dirty Taylor Swift,"The comment uses a critical and potentially disparaging comparison, suggesting the chorus is unpleasant or poorly executed.",
Positive,"I'm honestly OBSESSED with this tune. And the lyrics...OMG. The only thing I do not appreciate so much is the video. I mean, u can tell she's having lot of fun on the set and also is made to be a bit hilarious, but for that I can't actually feel the sexy vibe that the song itself gives. It's just a personal opinion and a good criticism, maybe a suggestion for future videos (I hope). Apart from that, you literally nailed it, gir l<3","Despite a minor critique, the commenter expresses overwhelming enthusiasm and admiration for the song and video, using strong positive language and a hopeful suggestion.",
Positive,I heard this song at the hair cuttery and had to shazam it. I was like ADDISON?? She ate with this. The vibes of the song.. everything. I love it so much and have always been a fan of Addi since tiktok lol ❤,"The commenter expresses strong positive feelings about the song and artist, using enthusiastic language and emojis.",
Positive,I like this harmony❤,The use of 'like' and the heart emoji clearly express a positive sentiment towards the music video.,
Negative,The lyrics 💀 does it mean she lost her V card in the backseat of a car?💀,"The comment uses emojis and a suggestive, critical interpretation of the song's lyrics, expressing a negative sentiment.",
Positive,"This is so good Madison, What a vibe ✨",The use of 'so good' and the emoji '✨' clearly indicate a positive sentiment towards the music video.,
Positive,"I love this because it it something different than most interprets do these days. Everywhere is rap, curse words and ugly clothes. But ✨this✨ just hits different. The song’s cool, but I love the vibe from the video clip - Addison’s clothes, the way she’s being real and not just perfectly smiling like a robot like ahh love it","The commenter expresses strong positive feelings about the video, praising its originality and Addison's authentic style.",
Positive,Oh my lord!!! She never looked or sounded better! This is my ringtone,The enthusiastic exclamation points and declaration of the video being a 'ringtone' indicate strong positive feelings.,
Positive,It’s giving Lana Born To Die/Paradise vibes. Loving it ❤,The commenter expresses positive feelings by comparing the music video to well-regarded tracks and uses a heart emoji.,
Positive,Why does this first verse remind me of the opening of miraculous ladybug?,"The comment expresses a positive comparison, suggesting a similarity with a well-regarded song.",
Negative,lyrics are so bad,"The comment expresses dissatisfaction with the lyrics, indicating a negative sentiment.",
Positive,"This is the Avatar theme song melody lol. Not that that's a bad thing, Avatar theme slaps","The commenter expresses enthusiasm by stating 'slaps,' indicating a positive reaction to the music video.",
Negative,This songs lyrics are very predy,The spelling error and use of 'predy' likely indicate a negative opinion of the song's lyrics.,
Negative,This is why today’s music is awful. Let’s add class to our music please.,"The comment expresses a critical opinion about the music, using the phrase 'awful' and a request for 'class,' indicating a negative sentiment.",
Positive,Vibes de lana del rey,"The comment expresses a positive appreciation of the music video's atmosphere, aligning with the artist's style.",
Positive,shes so cute i love the 50s vibes,"The comment expresses affection and appreciation for the video's aesthetic, indicating a positive sentiment.",
Negative,"Beautiful singing, gross lyrics and video",The comment expresses a negative opinion due to the criticism of both the singing and the video content.,
Neutral,I don't get what all the hype...song is.....ok I guess. Alot of Autotune,"The comment expresses a lukewarm opinion, acknowledging the song is 'ok' despite a lack of excitement and a critical observation about the use of autotune.",
Positive,born to die vibes,The comment expresses a positive association with the music video's style and feel.,
Positive,I thought this song was Taylor Swift from all the choruses posted in vids. Happy to be wrong,"The commenter expresses happiness at being proven incorrect, indicating a positive reaction to the song.",
Positive,Idk why but she is giving Kristine Froseth vibes in some of the shots of this video,"The commenter is comparing the artist to a positive figure (Kristine Froseth), indicating a favorable impression.",
Mixed,"This is the worst music-video ever, but the song is addictive",The comment expresses both strong negative criticism of the music video while simultaneously acknowledging a positive quality (the addictive song).,
Positive,I like the parody vibe with her outlandish moves. Esp the bit where she tumbles dramatically off the set backseat due to some fake breaking 😂,The commenter expresses enjoyment of the video's comedic elements and performance style.,
Negative,"the song is far way superior than this lame excuse for a video, i thought this was going to be better than the lyric video but it actually is worse - the song is great but both of the visuals are absolutely awful, ask for your money back or hire a new team creative team, please.","Despite praising the song, the comment expresses strong dissatisfaction with the visuals and urges for a refund, indicating a negative overall sentiment.",
Positive,Had to look it up and she didn't write the entire song herself Like many artists they probably write just 1% and take 99% of the credit but anyway it's still a very good song good with a good beat and voice.,The commenter acknowledges a potential issue but ultimately expresses a positive opinion of the song's quality and elements.,
Negative,You know what!! It's a cool catchy song but radio stations will ruin it by playing it 8 times a day for 6 weeks  then people will switch it off when it comes on,The comment expresses frustration and predicts a negative outcome for the song's popularity due to over-exposure.,
Positive,"The first time I've listened to some Lana Del Rey songs, something reminded me of Britney's In The Zone songs like Breathe On Me and Touch Of My Hand and I saw an interview (don't remember wich) Lana saying she loved Britney. What I mean to say is Addison is bringing those sexy, fancy, classic vibes on her vocals and visuals, by the way, the sound of her album remember of both songs. Addison is such a great album!","The commenter expresses clear admiration for Addison's album and its stylistic similarities to Lana Del Rey and Britney Spears, using positive language like 'great' and 'sexy, fancy, classic vibes'.",
Negative,2:26 minutes of this song is crime. I wish there was a 10 minute version. Especially the last chorus with the choir.,"The comment expresses a critical opinion about a portion of the song and suggests a desire for a longer version, indicating dissatisfaction.",
Positive,"This song is catchy, vibey, and has a 90’s feel yet somehow still current. Well mixed too by whomever was the recording engineer.","The comment expresses enthusiastic praise for the song's quality and appeal, using positive adjectives like 'catchy' and 'vibey'.",
Negative,annoying song,The use of the word 'annoying' expresses a clear negative feeling about the song.,
Positive,This feels nostalgic,The use of 'nostalgic' indicates a pleasant and fond feeling about the music video.,
Positive,Mariah Carey's Touch My Body vibe💘🫶🏻,The use of heart emojis and the term 'vibe' clearly expresses positive enjoyment of the music video.,
Positive,"Why does this song when I sing it change to the lyrics of the song ""heat wave-glass animal"" hahaha.","The user is expressing amusement and a positive reaction to the unexpected lyrical change, indicated by the 'hahaha' response.",
Negative,"This is awful, I mean the lyrics and message, Hollywood Babylon, get naked and we will make you famous. Demonic.","The comment expresses strong negative feelings using words like 'awful,' 'demonic,' and criticizing the lyrics and overall message.",
Positive,My mom has to check the lyrics of it❤😂🎉😢😮I'm😊🦄🦄🦄🦄🦄🦄🦄🦄🦄🦄 🐗,"The comment expresses enthusiastic positive emotions through emojis and repetition, indicating enjoyment of the music video.",
Positive,Amazing seductive voice and beautiful melody. LOVE!,The commenter expresses enthusiastic approval using the word 'LOVE' and describes elements positively.,
Positive,This song gives me all the Taylor Swift vibes in the world,"The commenter expresses a positive association with Taylor Swift, indicating enjoyment of the music video's style.",
Positive,From title to soud to lyrics to vdo everything speaks Lana del rey inspired remix.,"The commenter clearly appreciates the video's resemblance to Lana Del Rey, indicating a favorable opinion.",
Positive,Its giving a “Two Become One by Spice Girls” Vibe 😳😳😳,"The comment expresses a positive comparison to a well-regarded song, indicating enjoyment and appreciation.",
Neutral,Wheres diet pepsi in the lyrics 😂,"This comment expresses amusement and a lighthearted observation, lacking strong emotional tone.",
Positive,Lana Del Rey vibes but maybe a sweeter voice.,"The comment expresses a positive comparison to Lana Del Rey and describes a 'sweeter' voice, indicating enjoyment.",
Negative,I am so glad she's out of our up here in the united States. She's rocking the united kingdom nails and she has that Mexican beat from browneyes entertainment and I hope she stays our of our country forever. So we can have sgt.major daughters come up and go from there. 100 to 0 I'll never watch another radison song again. Little baby butt munt. Sincerely yours - We the People Senator Henry Clay's Warhawks Whig Party Candidate.,"The comment expresses strong disapproval and wishes for the artist to leave the country, coupled with a declaration of never listening to their music again.",
Positive,Omg this vibe ……. 🥺🥺🥺,The excessive use of emojis expressing fondness and excitement strongly indicates a positive sentiment towards the music video.,
Negative,"Now that I’ve listened to the lyrics more closely, I’m kinda disappointed. Don’t get me wrong, this song, especially the chorus is total war candy, and by itself the chorus could be really good, but the verse’s lyrics just feel kinda meh, shallow, depthless, while the music has this beautiful dreamlike yet suspenseful quality. The music feels sentimental, bit the verses lyrics just don’t hit that… and by itself, the chorus doesn’t get there either.","The comment expresses disappointment and criticism of the song's lyrics, outweighing the positive aspects mentioned.",
Positive,amo a vibe das musicas dessa mulher <3,"The commenter expresses affection for the music, indicated by 'amo' (I love) and the heart emoji.",
Positive,Terror Jr type vibes. Remember when everybody thought the girl was Kylie Jenner 😂,"The comment expresses a positive association with the music video's style, referencing a well-regarded influence (Terror Jr.) and a nostalgic, humorous comparison.",
Positive,FairPlay to her she’s doing so well! This song is a vibe❤,The comment expresses enthusiastic support and positive feelings towards the artist and the song.,
Neutral,Jojo Siwa should take notes from her,This comment offers a slight critique but doesn't express outright negativity or praise.,
Positive,Am I the only one who’s getting 2016-2017 Kiiara vibes?,"The commenter is associating the music video with a well-regarded and generally positive past work by Kiiara, indicating appreciation.",
Positive,Will Lana do a cover? Bc ppl have to slow n reverb this to make it sound like her,"The commenter expresses a desire for a Lana cover, indicating a positive appreciation for her music and style.",
Positive,Gives me teenage Lana vibes,"The comment expresses a positive association, suggesting a nostalgic and appealing connection to the music video's style.",
Negative,LOVE THE SONG SO MUCH but that little noise from the beat keeps hurting my left ear when I'm using earphones 😭,"The user expresses discomfort and pain due to the beat, indicating a negative reaction to the music video.",
Positive,Wow she’s a s. L. u. …T catchy song tho,"Despite the initial unintelligible abbreviation, the comment expresses enthusiasm by calling the song 'catchy'.",
Positive,This song gives me 00s girl vibes ❤ I actually like it,The use of the heart emoji and the statement 'I actually like it' clearly indicate a positive sentiment.,
Positive,"This reminds me of another song, ""Le misérable"" by Singuila. Their chorus give me  me a similar feeling","The commenter expresses a positive association with the song, comparing it favorably to another popular track.",
Positive,the last part where the song sounds like its ending and then pauses for a few seconds and the beat drops just scratches some part of my brain🙏🏼🙏🏼,"The user expresses a positive reaction to the song's climax and impactful ending, using appreciative emojis.",
Negative,music and vocals are more taylor derivative than lana,"The comment expresses a critical opinion, suggesting the music lacks the original qualities of Lana Del Rey.",
Positive,"Makes me super jealous. I'm 29 I live here in Utah and I've never had a girlfriend, I play guitar write my own songs I have about 50 songs on acoustic guitar. I like mature women.","The commenter expresses a feeling of envy and admiration for the video's subject, indicating a positive reaction to the content and likely the artist's style.",
Positive,The chorus is addicting,The use of the word 'addicting' expresses a strong positive feeling about the chorus.,
Negative,Song is great. Video gave me “escaping Disney child slave” vibes. Thumbs up for the escape 👍,"While the song is described positively, the comment expresses a negative feeling related to a disturbing and uncomfortable theme, outweighing the initial praise.",
Positive,this gives me euphoria vibes,The commenter expresses a positive feeling – 'euphoria vibes' – indicating enjoyment of the music video.,
Negative,Worst song ever🔥,The use of 'Worst song ever' and the fire emoji clearly express a strongly negative sentiment.,
Positive,I thought Mariah sang the chorus,The comment expresses a positive opinion about Mariah’s vocal performance in the chorus.,
Positive,"Woah. I knew Addison Rae from the meme, but this is actually really catchy and nice to listen to.","The commenter expresses positive feelings about the music video, describing it as 'catchy' and 'nice to listen to'.",
Positive,"Legend track for me, Addison beated Charlie for me for this",The commenter expresses a preference ('beated for me') indicating enjoyment of the music video.,
Positive,"Li,ke a Fethiye vibes",The comment expresses a positive feeling by referencing a desirable and enjoyable location (,
Positive,Lyrics are crazy 😭,The use of 'crazy' combined with the crying emoji (😭) indicates a strong positive emotional response to the lyrics.,
Negative,love the song but the video gives me o.O ehm idk weird vibes,The commenter expresses discomfort and confusion ('weird vibes') indicating a negative reaction to the video's aesthetic.,
Positive,"Umm what did I just watch. I LOVE IT!! The vibe, sound, it’s so posh!!",The commenter expresses strong positive feelings using enthusiastic language like 'LOVE IT!' and describing elements they enjoyed.,
Positive,Song surely making such vibes of loosing innocence truly,The comment expresses a positive feeling about the,
Positive,1:26 the background vocals oh myyyyy 😍😍,The use of heart emojis clearly indicates a positive reaction to the background vocals.,
Neutral,Imagine copying Lana 🖕 Name vibe cause diet mountain Dew,This comment expresses a dismissive observation about the music video's style without explicitly positive or negative emotions.,
Positive,dude it's so catchy but the cross necklace verse was not needed broo 😭,The commenter expresses enthusiasm for the song's catchiness despite a minor criticism.,
Positive,This beat with her voice is fricking tantalizing n mesmerizing.# repeat,The commenter uses enthusiastic language (,
Neutral,The whole chorus sounds sometimes like mariah carey. I really thought she was it. 😢,"While the comment expresses a personal comparison and includes a sad emoji, it doesn't directly convey a positive or negative opinion about the music video itself.",
Positive,I feel like a heard this song years ago like I know the beat and the rhythm and I’m listening this for the first time,"The commenter expresses a feeling of familiarity and enjoyment, indicating a positive reaction to the music.",
Positive,Vibes of Lana Del Rey❤❤❤❤ i love the song 🎉,"The user expresses love for the song and uses positive emojis, indicating a favorable sentiment.",
Neutral,i wonder if she sampled katy perry's wide awake. the beat sounds similar.,"The comment expresses an observation about a potential similarity, without explicitly expressing a positive or negative opinion about the music video itself.",
Positive,Samantha James from Just Friends vibes😂😂,The use of 'vibes' and the laughing emoji clearly indicates a positive and appreciative reaction to the music video.,
Negative,the verse is great. but this chorus????? whyyyy????,"The commenter expresses disappointment and frustration with the chorus, using the interjection 'whyyyy?'",
Positive,Girl you ATE with this 😍 more songs with this kind of vibe pls ❤️‍🔥,The use of emojis and phrases like 'ATE with this' and 'more songs with this kind of vibe pls' clearly express strong positive feelings about the music video.,
Positive,This Is so Madonna's erotica! So powerful!!! ❤❤❤,The enthusiastic use of exclamation points and heart emojis indicates a strongly positive reaction to the music video.,
Positive,"Such a fun, sexy video and some how so nostalgic","The use of words like 'fun,' 'sexy,' and 'nostalgic' clearly indicates a positive emotional response to the video.",
Positive,This so is very whats word catchy  and the way they shoot the video was so beautiful,The comment expresses enthusiastic appreciation for the song and video's visual aspects.,
Negative,"Girl you are really ripping off lana with the black and white, the stoic man, the utlra femninity, you wearing white, the background vocal and the wearing of the american FLAG all mixed in one video. Wtf?? Who produced this?",The comment expresses confusion and criticism regarding the video's stylistic choices and perceived imitation of Lana Del Rey.,
Positive,Addictive beat! 🥤🔥,"The exclamation points and emojis (fire, drink) indicate enthusiastic enjoyment of the music video.",
Neutral,These lyrics are an interesting choice,"The comment expresses a neutral observation about the lyrics, neither strongly positive nor negative.",
Negative,Trash lyrics for the only fans generation 😅,The comment expresses disapproval and uses the emoji to indicate a negative opinion about the song's lyrics and content.,
Positive,(Pepsi) Cola will forever be Lana's. But Addison's Diet version is kinda catchy.,"The comment expresses a positive sentiment towards Lana's music and finds a catchy aspect of Addison's song, indicating appreciation.",
Positive,She all in intertwined with the universe,"The comment expresses admiration and connection with a positive connotation, suggesting a beautiful and meaningful experience.",
Positive,This mv gives me 'Born to Die' kinda vibes in a positive way,"The commenter expresses a positive association with the music video, comparing it favorably to a well-regarded song.",
Positive,This song and video gives HARDCORE 2000s vibes.,The commenter expresses a positive feeling about the song and video by referencing a nostalgic and desirable era (,
Positive,"Sex stuff aside, this is a catchy ass song",The use of 'catchy ass' indicates a positive and enthusiastic reaction to the song.,
Positive,"A 90’s Mariah Carey vibes, of course.","The comment expresses a positive comparison to Mariah Carey's music, indicating enjoyment and appreciation.",
Positive,Lana del rey without depressing vibe 😮,The use of '😮' and the phrase 'without depressing vibe' clearly indicate a positive reaction to the music video.,
Positive,Is it me or is this giving Lana del Rey vibes?,"The comment expresses a positive comparison to a well-regarded artist, indicating enjoyment and appreciation.",
Positive,Addison's got that sultry hot old hollywood beauty vibe going on!,"The comment uses highly complimentary language ('sultry,' 'hot,' 'old Hollywood beauty') indicating a positive reaction to the music video.",
Positive,Powerful 🔥,The use of 'Powerful' and the fire emoji indicates enthusiastic approval of the music video.,
Positive,Beatiful songgggg♥️♥️♥️♥️♥️♥️♥️🔥🔥🔥🔥🔥🔥😍😍😍😍😍😍❤❤❤❤❤❤❤❤❤❤❤❤❤❤❤❤❤❤❤❤❤❤❤❤❤❤❤❤❤❤,The comment is filled with positive emojis expressing strong enjoyment of the song.,
Positive,Bravo for the vintage 70's vibe,The comment expresses appreciation and admiration for the video's aesthetic style.,
Negative,"Catchy song. My first thought tho?  If I were her, I would want Mom and Dad to skip the viewing of my first track/video. 😂","The comment expresses a critical opinion about the artist's performance and the parent's potential reaction, indicating disappointment and disapproval.",
Positive,"I see Katy Perry's ""wide awake"" vibes all over this song.","The commenter expresses a positive association with the song, referencing 'vibes' in a favorable way.",
Positive,"So nostalgic, what a popstar!!😂😂😂😭😭😭😭😭😭",The excessive use of laughing emojis and the phrase 'so nostalgic' clearly indicate a positive emotional response to the music video.,
Positive,Del rey vibes,"The comment expresses a positive association with the artist Del Rey, indicating enjoyment of her style.",
Positive,Lana del ray vibes,"The comment expresses a positive association with the music video, referencing the artist Lana Del Rey, indicating enjoyment.",
Positive,DEFINITELY A MADONNA AND BRITNEY SPEARS VIBES❤❤❤❤,The use of multiple heart emojis indicates a positive and enthusiastic reaction to the video's similarity to Madonna and Britney Spears.,
Positive,I really only know Addison from TikTok but this is like next level good. It’s such a vibey song I love it,"The commenter expresses enthusiastic praise, describing the song as 'next level good' and stating they 'love it'.",
Negative,Everyone in the comments are either thirsty or have no good taste in music cuz this one of was the  worst things I’ve ever heard,"The comment expresses strong disapproval and uses negative language ('worst things,' 'no good taste') indicating a negative sentiment.",
Neutral,"I 100% thought the lyrics was ""My lips reflect off his Costco chain""","The comment expresses a humorous observation about the lyrics, lacking explicit emotional expression.",
Negative,Tgat has the be the weirdest.. video.. I've watched in a long time....💀 I like this song but the video killed the vibe lol,"Despite liking the song, the user expresses negative feelings about the video's impact, using phrases like 'killed the vibe' and a skull emoji.",
Negative,"Oklou copycat!!! full doupe I hope people call this out, Oklou is a true original and deeply talented and is being stolen from right here.","The comment expresses strong disapproval and accuses the artist of theft, indicating a negative sentiment.",
Positive,"strangely this guy fits so so so much to this Music, idk, the feeling of having a crush on Jason Dilaurentis having like 13 years comes back and match so much with the music, maybe not the lyrics but the whole vibe, idk just feelings",The commenter expresses a strong positive connection with the music video's atmosphere and relates it to a nostalgic and relatable feeling.,
Positive,The beat and melody sound very familiar.,The comment expresses a positive feeling about the music's familiar quality.,
Negative,this song has shameless vibes,"The comment implies a negative association with the music video, using the word 'shameless' to express disapproval.",
Negative,The music. Video is the worst thing i have ever seen,The comment uses strongly negative language ('worst thing i have ever seen') indicating a poor opinion of the video.,
Positive,The music (not including lyrics) written in two minutes tops.,The commenter appears to be praising the music's concise and efficient composition.,
Positive,Lana del rey vibes ❤,The use of the heart emoji and reference to Lana Del Rey strongly indicates a positive reaction to the music video.,
Negative,"Love the song, hate the video. She is very annoying",The comment expresses both positive sentiment towards the song and negative sentiment towards the video and the artist's portrayal.,
Negative,Annoying,The word 'annoying' expresses a feeling of displeasure and frustration.,
Positive,crazy 😝😜🤪 catchy,The use of emojis like '😝😜🤪' indicates enthusiastic and positive feelings towards the music video.,
Positive,"If they bring back Miami Vice, this song has to be in it so contemporary in 2025","The commenter expresses a desire for the song to be featured in a revival of 'Miami Vice,' indicating a positive association with the music and the show.",
Negative,Gotta really like the song ...but video um we'll ummmm ya there is no nice way of saying it's awful..,"The commenter uses strong negative language ('awful') to describe the video, indicating a negative sentiment.",
Positive,Lady gaga vibes😍😍,The use of heart-eyed emojis indicates a positive reaction to the video.,
Positive,These new vibes are everything!! All ready for happy and in love era ❤,"The enthusiastic use of exclamation points and positive language ('everything', 'happy', 'in love') indicates a highly favorable sentiment.",
Positive,Awesome vocal layers,The comment expresses enthusiastic praise for the music video's vocal layering.,
Positive,Las vocales me suenan Ariana G,The comment expresses a positive opinion by comparing the vocals to those of Ariana Grande.,
Positive,Thanks Avril Lavigne I found this song and now I cant stop listening is sooo catchy ♥️,"The commenter expresses enthusiastic enjoyment of the song and describes it as 'catchy,' indicating a positive sentiment.",
Positive,I love Lana’s vibes,The use of 'love' and 'vibes' expresses a clear positive feeling towards the music video.,
Negative,"Sorry, but this is the worst recording quality I've ever heard, especially the muffled vocals.  Were they going for a Dreamlike effect ? They should of used another effect besides no high frequency, ridiculous amounts of reverb and compression. It completely ruins it for me, but apparently liked by many, or they just don't care about the sound quality.","The comment expresses strong dissatisfaction with the recording quality and sound effects, using negative language like 'worst,' 'ruins,' and 'ridiculous.'",
Positive,From Rae to Rae…you’re the new IT girl. Also this may be the best pop melody ever written.,The comment expresses enthusiastic praise for the artist and the song's quality.,
Positive,So much invested with the music production that I don’t even care what’s going on the video …….im just vibing to every beat with my eyes closed and feels like I’m in my best mood 😂😂 😂,"The commenter expresses enjoyment and a positive feeling ('vibing,' 'best mood') regarding the music and video's rhythm.",
Positive,"Her vocals age like fine wine, God she's stunning all around ❤","The comment uses positive descriptors like 'fine wine' and 'stunning,' expressing admiration and delight.",
Neutral,"Had to look up thr lyrics because I swore she was saying ""Costco chain""","The comment expresses curiosity about the lyrics, indicating engagement but not necessarily a positive or negative feeling about the music video.",
Negative,She's annoying with bad skin,"The comment expresses a negative opinion about the singer's appearance and demeanor, using terms like 'annoying' and 'bad skin'.",
Positive,britney spears 2004 vibe 😯✨️,The use of emojis like '😯' and '✨️' indicates excitement and positive reaction to the music video.,
Negative,I couldn't hear a single word in the lyrics. What language was she signing in?,The comment expresses frustration and a negative reaction to the inability to understand the song's lyrics.,
Positive,"She's getting better! Acting & music has improved. But quite a bit of Autotune, we'll see how she is live.","The comment expresses a positive assessment of her improvement in acting and music, despite acknowledging the use of autotune.",
Positive,"someone find where this flow was bit from. ive heard this exact melody in an older song. sound engineers worked real hard on this one lol, she fine as hell though","The commenter expresses admiration for the music video and praises the sound engineering, indicating a positive overall sentiment.",
Neutral,She should just scrub the internet of Obsessed. That was awful. This is art.,"The comment expresses both criticism ('awful') and appreciation ('This is art'), resulting in a mixed sentiment that doesn't lean strongly positive or negative.",
Positive,nah that chorus hits different ngl💀,The use of 'ngl' and the emoji suggest a genuine and enthusiastic appreciation for the song's chorus.,
