﻿classificacao,comentario,justificativa,sentimento_manual
Positive,"she wasn’t playing when she said this is her version of fantasize. i loooove this one a lot. perfectly catchy, perfect beat.",The commenter expresses strong positive feelings about the music video using phrases like 'loooove this one a lot' and describing it as 'perfectly catchy' and having a 'perfect beat'.,
Positive,"THE SLOWED DOWN ""THE BOY IS MINE"" BUILD UP TO THE BEAT GETS ME GAGGED EVERYTIMEEEEEE SHE ATE THAT",The enthusiastic and repeated use of 'gagged' indicates a strong positive emotional response to the music video's build-up.,
Neutral,The slow tempo in the first “The boy is mine” sheeshhhhh,"The comment expresses a subjective observation about the tempo, without explicitly conveying a positive or negative emotion.",
Positive,I love that some musicians nowadays bring these 2000's RnB beats back!!! This track is a vibeeeee!!! 💖💖,The commenter expresses strong positive feelings using words like 'love' and 'vibeeeee' indicating a positive reaction to the music video.,
Positive,Classic Ariana with a 2000s vibe. Instant hit!,"The commenter expresses enthusiasm and excitement about the video, describing it as an 'instant hit'.",
Positive,One of the best tracks on the album...vocally and lyrically.,"The commenter explicitly states it's 'one of the best tracks,' indicating a highly favorable opinion.",
Positive,"""Watch me take my time."" *slows the beat* 😍",The use of '😍' emoji clearly indicates a positive reaction and enjoyment of the video's pacing.,
Positive,she got the golden touch with lyrics and golden ear for the beat. everything comes together so well. love this album so much!! <3,The commenter expresses strong positive feelings about the music video and album through enthusiastic praise and emojis.,
Positive,The “ the boy IS mine “ the backvocals makes me ommmggg ✨✨✨✨,The enthusiastic use of emojis and the exclamation ‘ommmggg’ indicates strong positive excitement about the song.,
Positive,This is one of her most sensual and catchy songs.,The comment expresses admiration and positive attributes like 'sensual' and 'catchy'.,
Positive,The goosebumps after the beat slows down >>>,The commenter expresses excitement and a positive reaction (,
Positive,The slow down before each chorus is soooo nice omg😩👏🏽,"The exclamation points and emojis (omg,👏🏽) strongly indicate enthusiastic enjoyment of the music video's structure.",
Positive,This is giving 90s vibes love it ✨,The use of 'love it' and the '✨' emoji clearly indicate a positive reaction to the music video.,
Neutral,It is so addictive. Her tone?? hello!!! The way she has sung this whole song. Wtf!!!! And her vocals don't need to mention,"The comment contains both enthusiastic praise ('so addictive') and a frustrated exclamation ('wtf'), indicating a mixed and therefore neutral sentiment.",
Positive,"This is just too good where do we start 😭 the tempo interrupt, the chopping / slicing for impacts, the harmonies - too much goodness Ari!",The comment expresses enthusiastic enjoyment and admiration for the music video's elements.,
Positive,"Ariana is so good at making incredibly catchy, fun, feminine pop/rnb songs UGH i am absolutely obsessed with it and her and her breathy voice UGH so mariah carry core",The comment expresses enthusiastic admiration and strong positive feelings towards Ariana Grande and her music.,
Positive,The tempo change in the chorus is INSANITY 😍,The use of 'INSANITY' followed by the heart-eyes emoji indicates strong excitement and enjoyment.,
Neutral,"DID ANYONE REALIZE THE LYRICS IN 0:53, AND IN HER SONG “NASA” ONE OF THE LRYICS ARE “ SOON AS THEM STARS ALLIGN” AND IN THIS TRACK IT SAYS “THE STARS THEY ALLIGNED”","The comment expresses a factual observation about the song lyrics, without conveying any emotional tone.",
Positive,"This song is the best on the album, the beat is 🔥😩",The use of 'best' and the enthusiastic emoji '🔥😩' clearly indicate a positive sentiment towards the song.,
Positive,the production. the lyrics. this is the best album EVER.,"The user explicitly states it's the 'best album EVER,' indicating a strong positive sentiment.",
Positive,The control she has with her vocals ❤️. She has the voice of an Angel.,"The comment expresses admiration and praise for the singer’s vocal talent, indicating a positive sentiment.",
Positive,"1,2 step vibes 🔥",The use of '🔥' (fire emoji) indicates enthusiastic approval and excitement about the music video.,
Positive,I don't know about you guys but its so hard to pick a favourite one outta all these songs 😭like every lyrics are so so so 🤌✨,"The use of emojis and enthusiastic phrasing (e.g., 'so so so 🤌✨') clearly indicates a positive and delighted reaction to the music video.",
Positive,"OMGG THE VIBE, THE LYRICS, THIS VOICE!! THIS SONG IS LITTERALY AMAZING! IT'S GOING TO BREAK THE INTERNET !!","The commenter expresses strong enthusiasm and excitement about the song and video, indicating a positive sentiment.",
Positive,"this has become my favorite song in her discography. Her vocal range & intensity is breathtaking, the production is catchy & I've been listening to it non-stop.","The commenter expresses strong positive feelings about the song, praising its quality and repeated listening.",
Positive,Giving me 2000s pop and rnb diva vibes,"The comment expresses a positive association with the music video, describing it as having desirable 'diva vibes'.",
Positive,I love the beat change right before the chorus.,The commenter expresses clear enthusiasm and enjoyment of the song's feature.,
Positive,The way the beat slow down at that one part just gets me everytime it happens 😩,The user expresses a positive feeling ('gets me everytime') regarding a specific musical element.,
Positive,""" PR-OB-AB-LY "" the melody in which she  breaks down MELODY is Majestic 🐞","The commenter uses positive language like 'Majestic' and an enthusiastic exclamation, indicating a favorable opinion of the music video.",
Positive,"Ahhhh this is giving 90s pop, nsync vibes, and its soo good omg arianas voice is made for this style",The comment expresses enthusiastic enjoyment and positive association with the music video’s style and Ariana's vocals.,
Positive,That’s a banger right there Ari! Nostalgic  style missed for years in music finally coming back again this year…feel like this year is going to be one of the greatest ever! You made an incredible album!,"The comment expresses enthusiastic praise for the music video and album, using words like 'banger,' 'incredible,' and positive projections for the future.",
Positive,"The lyrics,  ''i can't wait to try him'' just damn I'm in love with this and fantasizeee😭🫀👍","The use of emojis (😭, 🫀) and the phrase 'I'm in love' clearly indicate a positive sentiment towards the music video and its lyrics.",
Positive,I'M SO PROUD OF YOU ARI. IM SO EMOTIONAL TODAY. THE ALBUM IS MASTERPIECE! THANK YOU,"The commenter expresses pride, emotional response, and praise for the album, indicating a strongly positive sentiment.",
Positive,This is quickly becoming one of my favourite songs of all time... it is just too catchy,The commenter expresses strong enthusiasm and identifies the song as a personal favorite.,
Positive,I keep hearing this and it just needs a Tinashe slap beat to come in and hit the song. Tinashe is the collab you need for this Ariana!,"The commenter expresses a desire for a Tinashe collaboration, indicating a positive opinion of the song and a desired enhancement.",
Positive,1:19 amo essa melodia/ i love this melody,"The user expresses affection for the melody, indicating a positive sentiment.",
Negative,"Some of yall need help. In any other situation you would call a woman like her wicked and wrong who intentionally breaks up a family. But because she puts it into catchy lyrics, you’re praising her. This world is F’d up. I like Ariana but not this new Ariana who brags about ruining a family with a new baby.",The comment expresses strong disapproval and criticism of the artist's actions and the audience's reaction to her music.,
Positive,My fave. This was on repeat on the drive back home. It’s a whole vibe!,"The commenter expresses strong enjoyment and repeated listening, indicating a positive sentiment.",
Positive,The melody sounds like TLC's musics. Love it so much.,"The commenter expresses enthusiasm and affection for the music video, indicating a positive sentiment.",
Negative,This comment section is a 👎... considering what Ariana has done... and this song is a cold-blooded representation of that... im not able to groove to this song... no matter how good the lyrics are.. considering somebody's pain is involved here... sorry...,"The comment expresses frustration and disappointment with the song, explicitly stating they cannot 'groove' to it and highlighting a perceived disregard for someone's pain.",
Positive,The best of the álbum🔥 has a vibe,The enthusiastic use of 'best' and 'vibe' indicates a positive feeling towards the music video.,
Positive,"Its giving ' break up with your girlfriend, I'm bored"" vibe ✨","The use of '✨' and the reference to a relatable, nostalgic feeling suggests a positive appreciation of the video's mood.",
Positive,This is her new album's best song!  RnB suits her showing her vocal ability and the arrangement of this song is also top-notch.,The commenter expresses strong positive opinions about the song's quality and the artist's vocal performance.,
Positive,the production the lyrics her voice is all imperfectly perfect and one of the best artists of our generation👏🏽💖,"The comment expresses enthusiastic praise for the artist and their work, using positive emojis and strong adjectives like 'imperfectly perfect'.",
Positive,"This song’s beat is perfect, it’s so catchy",The commenter expresses enthusiastic approval of the song's beat and catchiness.,
Positive,The boy is mine is too catchy especially when it slows down I’m obsessed!! Love it ❤,"The commenter expresses enthusiasm and adoration for the song, using positive language like 'catchy' and 'obsessed' coupled with a heart emoji.",
Positive,The most creative and addictive song on the album. Literally the best one❤☀️and yes😭that slowed down moment before the chorus is just diviiiiiine,"The comment expresses enthusiastic praise for the song, using terms like 'creative,' 'addictive,' and 'diviiiiiiine,' indicating a positive sentiment.",
Positive,Please give it an MV with a choreography having 90s-2000s vibes! Please please!,"The commenter expresses a strong desire and enthusiasm for a specific aesthetic (90s-2000s vibes), indicating a positive reaction to the music video.",
Negative,"Catchy song, but still pretty wrong of her","The comment expresses criticism ('wrong of her') alongside a positive element ('catchy song'), resulting in a generally negative sentiment.",
Negative,I love this song but it is just so awful releasing it right after what she's done 💀,"Despite expressing love for the song, the comment expresses concern and disapproval regarding the artist's recent actions.",
Positive,I love the old r&b vibe she's bringing back 💕 i don't think your voice has changed I think you're just choosing a different style and trying new things !! I'm a couple years younger and  I and my family have been supporting since day one no judgement we're all human ! . Always will support!!:) always sending healing energies your way!,"The commenter expresses strong positive feelings, using phrases like 'I love' and 'always will support', and wishes healing energies.",
Positive,"Love how it slows down when the chorus hits, Ariana is a true pop icon and legend. Her hit The Boy is mine reminds me of classic early 2000’s dance/ R&B. ♥️❤🤍🎵🎶🎙️👑⚜️💎🏆","The comment expresses enthusiastic admiration for Ariana Grande and her music, using positive language and emojis.",
Positive,"The vibes coming from this album are so fresh, ari never dissapoints✨","The commenter expresses enthusiasm and admiration for the music, using positive language like 'fresh vibes' and an emoji signifying delight.",
Positive,Omgg such vibeee song ✨️,The use of 'Omgg' and 'vibeee' clearly expresses enthusiastic enjoyment of the music video.,
Positive,As soon as the song started and I heard the beat and the vocals…. WOW !!❤,The use of 'WOW !!❤' clearly expresses enthusiastic excitement and positive feelings about the music video.,
Positive,that pre chorus is insane like ???????,The use of multiple question marks suggests excitement and approval of the music video's pre-chorus.,
Positive,"Love how ariana bring back 2000s R&b beat back this track is such vibes, and instant hit so iconic ✨️.","The commenter expresses enthusiastic appreciation for the song's style and predicts its success, indicating a positive sentiment.",
Positive,Man the beat the lyrics goes hard,The comment expresses enthusiastic approval of the music's rhythm and lyrics.,
Negative,I don’t know why she’s being praised for being a homewrecker but ok… at least the song is catchy 😂,"The comment expresses disapproval of the artist's actions and uses a sarcastic tone, indicating a negative sentiment.",
Positive,"I love this song Lyrics, beat, and a sensual vibe Ariana is literally giving 2024 energy she never disappoints ❤❤❤",The commenter expresses strong positive feelings through enthusiastic language and emojis.,
Positive,That old vibe is baaackkkkkkk🔥🔥🔥🔥🔥🔥🔥🔥🔥 love this track!!!!❤️❤️❤️❤️❤️,"The commenter expresses enthusiastic love and excitement for the track, indicated by excessive positive emojis and exclamation points.",
Negative,Pple hating on this song are so annoying,"The comment expresses frustration and annoyance towards those criticizing the song, indicating a negative sentiment.",
Positive,good and catchy song but girl he’s all yours 😭! please chill!,"The comment expresses approval and admiration for the song, indicated by 'good and catchy' and uses an emoji conveying enjoyment.",
Negative,"It’s embarrassing that you fight this hard for a man who could be easily swooped from his wife and child. He’d leave you for the next best in a heartbeat, too.","The comment expresses disdain and contempt for the male subject, indicating a strongly negative emotional response.",
Negative,"This is trash but it’s catchy. Ariana grande is a terrible person, she’s a witch.","Despite acknowledging a catchy element, the comment primarily expresses negative sentiment by labeling the music as 'trash' and making a disparaging personal attack.",
Negative,"I feel like I have to be in an affair to enjoy this song, so I'll pass. Can't relate to the lyrics.","The commenter expresses a negative feeling of disconnection and inability to enjoy the song, indicating a dislike.",
Negative,"The beat is good but hod damn you must have some serious mental issues about singing on stealing a man , gross, but that's me","The comment expresses strong disapproval with terms like 'gross' and criticism of the singer's actions, indicating a negative sentiment.",
Positive,"The beat, the slow down, the lyrics, the nostalgia FUCK 🔥🔥🔥🔥",The use of fire emojis and enthusiastic language indicates strong positive feelings towards the music video.,
Positive,"Idk, but give me yk2 vibes",The comment expresses a positive association with the song 'yk2' by referencing it favorably.,
Positive,"Ah, dang i was hoping the song was gonna be a cover of *The Boy Is Mine* sung by *Brandy/Monica* in the 90s. The beat is bangin’ tho 🤙🏼","The commenter expresses enthusiasm about the beat, indicating a positive reaction to the music video.",
Positive,İt gives me the vibe of her unreleased song 'Fantasize',"The comment expresses a positive association with the music video, comparing it favorably to an admired song.",
Positive,Please need a music video for this song. Cause it's so so deep. She's at soul mate level.,"The commenter expresses a positive feeling about the song and uses phrases like 'so so deep' and 'soul mate level', indicating enjoyment.",
Negative,"A song justifying her stealing another woman’s man? Not the vibe, sis!",The comment expresses strong disapproval and criticism of the song's theme and overall feeling.,
Negative,my clit fell off and ran away the moment she hit that first chorus,"The comment contains highly inappropriate and sexually explicit language, expressing a negative and disturbing reaction to the music video.",
Positive,she seriously ate with this album and like how this song is just so energetic and catchy is just MWHA!💋,"The commenter expresses enthusiasm with words like 'ate with' and 'energetic and catchy', indicating a positive reaction to the music video.",
Negative,"Ehhhhhh the stars didn't align so much as she has a pattern of purposely homewrecking and these lyrics try to make it seem like she was totally innocent before """"""this one time."""""""" This isn't the best look tbh.",The comment expresses disapproval and criticism of the artist's actions and the song's attempt to portray her in a positive light.,
Positive,Omg this 2000s vibes AHHHHHH!!!! L-O-V-I-N-G IT ❤,The exclamation points and heart emoji clearly express enthusiastic enjoyment of the music video.,
Positive,This song giving me Aliyaah vibes.,"The commenter is expressing a positive association with a particular artist (Aliyaah), indicating enjoyment of the music video.",
Positive,The chorus has me GAGGED,"The use of 'GAGGED' in this context suggests the commenter is experiencing a strong, positive emotional reaction to the song's chorus.",
Positive,The slow down before each chorus !!!🥺✨✨,The use of emojis and exclamation points indicates enthusiastic enjoyment of the song's structure.,
Positive,"THE CHANGE OF TEMPO CAUGHT ME OFF GUARD, I LOVE IT","The commenter expresses a positive reaction to the song's tempo change, explicitly stating they 'love it'.",
Negative,"It's explained why she gets involved with committed men just to look at her ex and say that the boy is hers. She must feel super powerful when ""taking"" men from others.","The comment expresses a cynical and critical interpretation of the music video's themes, suggesting a negative portrayal of the character's actions.",
Positive,She ate🤎 The beats🤤,The use of emojis (🤎 and 🤤) and enthusiastic language indicates a positive reaction to the music video.,
Neutral,"Why the first melody sounds like ""Luigi Mansion song""",The comment expresses a subjective observation (similarity to another song) without explicitly conveying a positive or negative emotion.,
Negative,Just awful. Something is wrong with how she sings,"The comment expresses strong dissatisfaction with the singer's performance, using the word 'awful' and indicating a perceived issue with her singing.",
Negative,"“The boy is mine” girl, the only person you have to fight with for him is Sandy Cheeks…and she’d beat the shit out of you","The comment expresses aggression and hostility towards another character, indicating a negative sentiment.",
Positive,2000s Mariah and Ciara vibes!,"The comment expresses a positive comparison to popular artists, indicating enjoyment.",
Positive,This song is giving ‘Fantasize’ vibes,"The comment expresses a positive association with the song, comparing it favorably to another popular track.",
Positive,It give 2000'S R&B vibes,"The comment expresses a positive association with the music video, describing it as having a desirable 2000's R&B feel.",
Positive,this beat is so cool omg,The use of 'cool' and 'omg' expresses enthusiastic and positive excitement about the music video.,
Positive,"this is definitely her best album, also other albums are amazing but in this all the songs could be used as a single and the lyrics are very unique","The commenter expresses strong positive feelings about the album, praising its cohesiveness and lyrical quality.",
Positive,intro is so so catchy and the beat makes me Goosebumps,"The commenter expresses enthusiastic enjoyment of the intro and the beat, indicating a positive feeling.",
Positive,"This is my favorite song so far on the album!!! Omg the beat, the vocals and lyrics are making me move every time I hear it. ❤🎉🥰💜🏳️‍🌈","The commenter expresses strong enthusiasm and positive feelings about the song, using exclamation points and emojis to convey excitement.",
Negative,I'll be real this is a banger but the lyrics are genunely despicable... She's really flexing about robbing a wife and mother of her husband,"The comment expresses strong disapproval of the lyrics and the depicted actions, indicating a negative sentiment.",
Negative,this sounds awful,The comment expresses a clear dislike and judgment of the sound quality.,
Positive,This is a vibeeee ❤❤❤,The use of 'vibeeee' and the heart emojis clearly indicate a positive feeling about the music video.,
Positive,THIS IS SO CATCHY ! I ADDED IT TO MY PLAYLIST,The commenter expresses enthusiasm with phrases like 'so catchy' and adding it to a playlist.,
Positive,Yeaaa we finally going back to 2000s beats🎉😍❤️,The use of emojis like '🎉😍❤️' clearly indicates enthusiastic approval and enjoyment of the music video.,
Positive,"It reminds me of “Don’t call me angel”, the chorus, the beat, etc. anyone here feel the same?",The commenter expresses a positive association with the music video by comparing it favorably to another song.,
Negative,Stolen vocal melody from an old song. People from 90s know what i'm talking about. Sadly i don't remember the title of that song.,"The comment expresses disappointment and frustration about a perceived copyright violation, indicating a negative sentiment.",
Negative,It’s a no for me. I don’t like the choppiness of the song and the lyrics are cringe.,"The comment expresses dislike for the song's quality and uses negative language ('no,' 'cringe').",
Positive,What a melody,The phrase 'What a melody' expresses a positive appreciation for the music.,
Positive,Cierra vibe ❤,The use of the heart emoji and the word 'vibe' clearly indicates a positive feeling towards the music video.,
Positive,"its giving 2005 ciara and i love it .. the beat , the tonality in her vocals. everything. just close your eyes and imagine ciara singing this song and you will see it","The commenter expresses clear enjoyment and positive comparison to a beloved artist, indicating a positive sentiment.",
Positive,THE BEAT AND LYRICS 😄🔥,The use of emojis 😄 and 🔥 clearly indicates a positive reaction to the music video.,
Positive,Best song love the lyrics,The comment expresses enthusiastic approval and enjoyment of the song and its lyrics.,
Positive,Max Martin you fucked up the beat and production on this song in the best way. I can’t help but start dancing each time it starts,"The commenter expresses enjoyment and a desire to dance, indicating a positive sentiment towards the music video.",
Positive,I like this jam. Gots a 90s vibe,The commenter expresses enjoyment using the word 'like' and describes the music's style as positive ('90s vibe').,
Positive,"The lyric and her voice is so catchy especially at ""the boy is Devine"".",The commenter expresses positive feelings about the song's catchiness and the singer's voice.,
Positive,This song gives the vibee even though you're single 😭😭❤️‍🔥🤌🏻,The use of emojis like ❤️‍🔥 and 😭😭 indicates a strong positive feeling towards the song and its impact.,
Positive,I thought she said this is her version of fantasize but chileee anyways this still a vibe,The commenter expresses enjoyment and enthusiasm ('still a vibe') indicating a positive sentiment.,
Positive,This is so Bratz vibes,"The comment expresses a positive association with the music video, referencing the popular and generally well-received 'Bratz' dolls.",
Positive,YOU DONT NEED TO DO A AUTOTUNE BECAUSE WITHOUT AUTOTUNE YOUR VOICE IS EVERYTHING!!! 💓 KEEP DOING GOOD ARI,"The commenter expresses enthusiastic support and admiration for the artist's voice, indicating a positive sentiment.",
Positive,There’s nth this woman can do ❤ such a vibe,"The comment expresses enthusiastic appreciation and excitement for the music video, indicated by the use of heart emojis and the phrase 'such a vibe'.",
Positive,Mariah honey vibes❤,The use of 'honey vibes' and the heart emoji clearly indicate a positive sentiment towards the music video.,
Positive,THE BEAT HELP❤❤❤❤❤❤,The repeated heart emojis clearly express positive feelings about the music video.,
Positive,Where is the damn video? And a 90s R&B vid vibe would be right.,"The commenter expresses a desire for a specific aesthetic, indicating a positive reaction to the video's potential.",
Positive,"why is this giving fantasize vibes ,no?","The comment expresses a positive association with the music video, using the term 'fantasize vibes'.",
Positive,Very Ciara “Goodies” vibez ❤,The use of 'vibez' and the heart emoji clearly express positive enjoyment of the music video.,
Positive,new ringtone,The comment expresses a positive sentiment by suggesting the music video is suitable for a ringtone.,
Positive,Holy crapppp her vocals are amazing and that outfit is so gorgeous,The comment expresses enthusiastic praise for the singer's vocals and outfit.,
Positive,love the 2000s vibeeee,The commenter expresses enthusiasm and fondness for the video's nostalgic 2000s style.,
Positive,its how the beat slows.ln the chorus 😢 beautiful,The use of the crying emoji and the word 'beautiful' clearly indicates a positive sentiment towards the music video.,
Positive,It’s crazy that the first few seconds of this song you can hear the instrumental alone and it’s the same vocal progression of the leaked “FANTASIZE” song.,"The commenter is highlighting a positive aspect – the song’s similarity to a well-received track, indicating enjoyment and appreciation.",
Positive,"I love how the beat seems to slightly slow down between ""the boy is..."" and ""...mine !"", it's so satisfying !",The commenter expresses enthusiastic enjoyment and describes the music as 'satisfying',
Positive,the slow tempo is SICKKKKKFSISUDJIW,The use of 'sick' indicates a positive and enthusiastic reaction to the music video's tempo.,
Positive,this song is too catchy,The comment expresses a positive feeling about the song's catchiness.,
Positive,This song gives me Ciara Goodies vibes and I LOVE IT 🔥🔥🔥🔥,The enthusiastic use of emojis and the statement 'I LOVE IT' clearly indicate a positive sentiment.,
Positive,Bratz vibes,The comment expresses a positive association with the music video's style and aesthetic.,
Positive,She has the perfect vocals for R&b pop,"The comment expresses a positive opinion about the singer's vocal abilities, indicating a favorable sentiment.",
Negative,Positively awful. 😅 the original was a great song. Yuck. Really how do you ruin a song so bad.,"The comment uses strongly negative words like 'awful', 'yuck', and 'ruin', despite expressing a preference for the original song.",
Positive,If you do the Dougie to this song it follows the same beat💀,The commenter expresses a positive reaction by stating the song has a similar beat to a popular dance move.,
Positive,Yeah damn iconic vibe,The comment expresses admiration and appreciation for the video's atmosphere (,
Positive,The vibe ❤️,The use of the heart emoji indicates a positive feeling towards the music video's atmosphere.,
Positive,"Omg, i wan see this song live performs,  the powerfull voice omg",The enthusiastic use of 'omg' and praise for the 'powerful voice' clearly indicates a positive sentiment.,
Positive,Lol hun thanks for these and singing some of songs we wrote together when we wrote honeymoon avenue when we were kids she came and seen me after my mom and brother passed..these are about someone you people don't know lainey wilson I'm boy or kid off of yellowstone. Love you babygirl,"The commenter expresses love and gratitude, highlighting a personal connection and appreciation for the music.",
Positive,"Besta beat OF the album, I love it","The user explicitly states they 'love it,' indicating a positive sentiment.",
Negative,"Same vibe as 🎵 Toxic Gossip Train🎵 trying to validate her own poor choices, a child now grows up with both its parents in the same house because of ariana","The comment expresses criticism and judgment of Ariana Grande's actions and their consequences, indicating a negative sentiment.",
Positive,Early 2000s vibes 🥹,The use of '🥹' (a smiling face with tears of joy emoji) clearly indicates a positive emotional response to the video.,
Positive,The chorus and bass 😅 makes me wanna be bad lol,The use of 'wanna be bad' suggests a playful and enjoyable reaction to the music video.,
Positive,I love the tempo change and delay! It eats soooo mfn bad! It reminds me of Sweetener era! I love it so much!!!,"The comment expresses enthusiastic enjoyment and positive comparisons, outweighing the slightly vulgar language used.",
Negative,Song sucks 🤷 its a boring beat and she sounds like shes winded throughout the whole song.,"The comment expresses dissatisfaction with the song's quality, using negative descriptors like 'sucks,' 'boring,' and 'winded'.",
Negative,Where are the high notes Ari??😢😢😢,The use of crying emojis and the question about 'Ari' suggests disappointment and frustration with the music video's performance.,
Neutral,"Not in love with it, but ok 😅 I don't know, maybe after Taylor I'm asking artist to step up their lyrics","The comment expresses a lukewarm opinion with a slight hint of potential future positive sentiment, lacking strong emotional indicators.",
Positive,It gives me Danity Kane vibes!❤️‍🔥,The use of a heart emoji and reference to Danity Kane indicates a positive association with the music video.,
Positive,"This is one of my faves on the album, so damn catchy","The commenter expresses strong positive feelings about the song, using terms like 'faves' and 'so damn catchy'.",
Negative,Awful,The word 'awful' expresses a strongly negative opinion about the music video.,
Positive,I cannot wait to listen to this song in the summer- ITS SUCH A VIBE,"The commenter expresses excitement and enthusiasm, indicating a positive feeling about the song and its atmosphere.",
Neutral,Nice song but for me only the chorus is catchy,"The comment expresses a mixed opinion, noting a positive aspect (catchy chorus) while also stating a personal preference, indicating a neutral overall sentiment.",
Positive,Her vocals are just outta this world,The comment expresses enthusiastic praise for the artist's vocal performance.,
Positive,I'm not the biggest AG fan but this song this album is a whole vibe 😎,The use of 'whole vibe' and the sunglasses emoji suggest a positive and enthusiastic reaction to the music video.,
Positive,"This definitely captured that 00's catchy r&b tune that people went crazy for over ""Fantasize""","The comment expresses a positive reaction, highlighting the video's successful recreation of a popular and beloved song.",
Negative,Just an awful person. Such a troll,"The comment expresses strong disapproval and identifies the video creator as a 'troll', indicating a negative sentiment.",
Positive,Got so distracted listening to this song that I crashed into a street lamp while biking downhill 😂 so catchy!!,"The commenter expresses amusement and enthusiasm, explicitly stating the song is 'catchy,' indicating a positive reaction.",
Negative,On top sideways on the floor on the dryer on the counter upside down reach around in the sky reverse cowgirl missionary doggy style choking spitting slapping biting-,"The comment describes explicit and potentially violent actions, indicating a negative and disturbing sentiment.",
Positive,Yeah damn iconic vibe,The commenter uses positive language ('damn iconic vibe') expressing a favorable opinion of the music video.,
Positive,"Amo as músicas dela, principalmente nessa vibe","The commenter expresses affection for the music and its 'vibe,' indicating a positive sentiment.",
Positive,this is my favorite song from her eternal sunshine album... it just has amazing ✨vibes✨,"{""sentiment"":""Positive"",""justification"":""The commenter expresses strong positive feelings using phrases like 'favorite song' and 'amazing vibes'.”}",
Positive,"YASSSSS, HOMEWRECKER VIBESSSS",The enthusiastic use of 'YASSSSS' and referencing 'Home Wrecker Vibes' indicates strong positive excitement and enjoyment.,
Positive,"Gente q musica gostosa, uma vibe anos 2000, EU AMEEEIIII 😍💘💌💋",The user expresses strong positive feelings using enthusiastic language and emojis.,
Positive,"It's giving 1st & 2nd album vibes, and I love it.",The comment expresses a positive feeling and explicitly states 'I love it' referencing a desirable past album era.,
Positive,first time listening to this on Yt I'm late as fuck but Idc This is a W Album And in my opinion this Has to be the my top 1 out of 5. true story is So good but this song just hits Different then we have Yes and Which is My top 2 true story bc true story is one of those songs that hit different but you have other Options then we have Yes And at 3 Bc look Yes and Is A W but Thats and type of song To be a bop and yes Its in my top 3 bc of it plus this era of ariana on that song Is just Ariana grande the angel then we have Bye and Don't wanna break your heart These Two songs are hard to Relate Bc she talks about her past relationship in one of the and the other one is just about her leaving Someone Which can also mean the same thing but i think Bye has to be 4 for me bc Its catchy so Is Dont wanna break your heart but something about bye just hits me in a way That Dont wanna break your heart doesn't and Dont wanna break your heart is the last one I put this one in last bc i can relate to what shes saying but I hear it and I wanna like Get into a Depression stage bc of all the Things I had in a relationship But it's a good song In my opinion Love you ariana this is just my opinion 💗💗💗💗💗💗,"The commenter expresses enthusiastic praise for the album and song, using positive language and repeatedly stating their enjoyment.",
Positive,"Gives me the 2007's vibe of r&b songs, like Ne-Yo's or Mario's style.","The commenter expresses a positive comparison to well-regarded R&B artists, indicating enjoyment of the music video's style.",
Positive,This vibe is turn u into Y2k or it girl 💅🏼✨,"The comment expresses a positive sentiment, describing the music video’s aesthetic as desirable and trendy.",
Positive,"She so wrong for this but this jam is a vibe!! Damn, love-hate Ari!!","The comment expresses affection ('love-hate Ari') and excitement about the music ('this jam is a vibe'), indicating a positive sentiment.",
Positive,This song gives me Y2K vibes!,The commenter expresses a positive association with the song's style (,
Positive,Gives me 90s hip hop r&b vibes ❤❤❤❤ and I’m here for it,"{""sentiment"":""Positive"",""justification"":""The commenter expresses enthusiasm and positive feelings using emojis and stating they are 'here for it'.”}",
Positive,This song reminds me of doja cat like that. “That’s my shit that’s my shit do it like that and on repeat” reminds me of Ariana’s chorus,"The commenter expresses a positive association with the song, comparing it favorably to Doja Cat and Ariana Grande.",
Positive,"Queen Ari , this song is powerful","The commenter expresses admiration and appreciation for the song, indicating a positive sentiment.",
Positive,"Come to think of it, Ariana has done ALL ERAS. The way she started with the 50s vibes early in her career and worked her way through the 80s then the 90s especially with Be Alright. And now she is serving us with the 2000s and I'm here for it.☺️☺️☺️",The commenter expresses enthusiastic appreciation for Ariana Grande's musical evolution and enjoyment of her latest release.,
Negative,Why do ppl comment LYRICS (WORDS) IN A LYRICS MV,The comment expresses frustration and annoyance with users repeating the lyrics in the music video.,
Positive,0:29 Chorus🍮🧚‍♀️🫧,The use of emojis like 🍮🧚‍♀️🫧 suggests an enthusiastic and positive reaction to the music video's chorus.,
Positive,this song is literally my new favorite of all time. i know that already because of how catchy and perfect it is,"The user expresses strong enthusiasm and declares the song their 'new favorite of all time,' indicating a positive sentiment.",
Positive,"Me da unas vibes a fantasize, te amo ari hermosa","The comment expresses affection and a positive feeling ('te amo', 'hermosa') suggesting enjoyment of the music video.",
Positive,this whole song sped up to 1.15 is the perfect dance tempo,"The commenter expresses a positive opinion, stating that the sped-up tempo is 'perfect' for dancing.",
Positive,Ringtone❤,The use of a heart emoji indicates a positive feeling towards the music video.,
Positive,"THIS SONG IS MY FAVOURITE SONG AND VIBE OFF THE ALBULM, It’s underrated! Love her boppy songs!","The commenter expresses strong positive feelings about the song and album, using enthusiastic language like 'my favourite' and 'love'.",
Neutral,the chorus ahajjahshsjaksj,"The comment consists of seemingly random characters, offering no discernible sentiment or opinion.",
Positive,Bratz vibes🥰❤️❤️,The use of emojis (🥰❤️❤️) clearly indicates a positive and enthusiastic reaction to the music video.,
Positive,this somewhat reminds me of freek-a-leek just by the beat a little bit and the vocals. but this is banger i just gotta avoid thinking of spongebob :),The commenter expresses positive feelings about the music video's resemblance to a liked song and describes it as a 'banger',
Positive,"The beat drop on ""The boy is mine"" AH! ITS SOO GOOD ❤",The use of 'AH!' and the heart emoji clearly indicates enthusiastic enjoyment of the music video.,
Positive,Soooo catchy Ari is divine when it comes to additive beats,The commenter uses enthusiastic language like 'soooo catchy' and 'divine' to express a positive opinion about the music video and Ari's music.,
Positive,Great song! The chorus is magnificent!👌👍👏👏👍,"The comment expresses enthusiastic praise for the song and its chorus, indicated by emojis and positive language.",
Mixed,I don’t like the lyrics bc I don’t feel relate with possession but the rhythm is so catchy and I love R&B,"The comment expresses both negative feelings about the lyrics and positive feelings about the rhythm, indicating a mixed sentiment.",
Negative,"I know there's a thing called seperating the art from the artist, but her music isn't even good enough for me to do that! Ooh... she can hit whistle notes! So the f what!? I can't take a love song from a homewrecker seriously!","The comment expresses strong disapproval of the artist's music and her personal life, using phrases like 'not even good enough' and 'can't take seriously'.",
Neutral,"I'm not sure how this is a visualizer instead of a straight-up lyric video? (Or is that just the fancy term for it, a la 'sandwich artist' style?) But at least they put the lyrics up and leave them there long enough for people to actually be able to read them, unlike some. Font kinda small, though.","The comment expresses a slight critique of the font size but acknowledges the core functionality of displaying lyrics, indicating a generally positive reception despite a minor concern.",
Positive,Listening here in Philippines i love the lyrics its obsession between a guy,"The commenter expresses love for the lyrics and the theme of the music video, indicating a positive sentiment.",
Positive,I love the 90s and early 2000s vibe 🥰,The use of 'love' and the heart-eyes emoji clearly indicate a positive sentiment towards the video's style.,
Negative,It's hard to read along to the lyrics. The lyric speed is a little delayed.,"The commenter expresses frustration with the lyric speed being delayed, indicating a negative experience.",
Positive,"It's giving 1, 2 Step vibes",The comment uses 'giving vibes' which implies a positive association and comparison to a popular and well-regarded song.,
Positive,Gente a vibeeeee! Amooooo,The enthusiastic use of 'vibeeeee' and 'Amooooo' clearly indicates positive excitement and enjoyment.,
Positive,wow…the mv is pretty with deep message,"The comment expresses admiration for the music video, using positive language like 'pretty' and 'deep message'.",
Positive,Clean music! very rare these days I'm loving the vibes❤,The commenter expresses positive feelings with phrases like 'loving the vibes' and an emoji.,
Positive,"How much talent Ariana, perfect treble, the rhythm is cybernetic, magnetic, avant-garde, cosmopolitan, pop at its best, instant hit, Perfect Sound, perfect",The comment uses overwhelmingly positive adjectives and phrases describing the music video and Ariana's talent.,
Positive,"lately i've been listen to 90's r&b and this is so nostalgic as fuck, she sounds better than ever, come on! R&BIANA!","The commenter expresses enthusiastic enjoyment and admiration for the artist and the music, using positive language like 'so nostalgic as fuck' and 'sounds better than ever'.",
Neutral,The beat sounds different to me.,"The comment expresses a personal preference for a different sound, without explicitly stating a positive or negative feeling.",
Positive,Wow same vibes as Touch It. It's a BOP! ❤,The commenter expresses enthusiastic approval and excitement with terms like 'same vibes' and 'BOP!',
Positive,That vocals 1:24 🥹🥹 🌟🌟🌟🌟🌟,The use of emojis (🥹🌟🌟🌟🌟🌟) and positive language indicates strong enjoyment of the vocals.,
Positive,Dios mío este beat es TAN deliciosooooo. TE AMO ARI,"The commenter expresses enthusiastic praise for the beat and professes love for the artist, indicating a highly positive sentiment.",
Positive,"Is this one the banger of the album or is it the beat drop of ""the boy is mine"" part, cause it's got me hooked",The commenter expresses excitement and enjoyment (,
Positive,"I love the R&B vibes , I love new album ❤🎉",The user expresses enthusiasm with phrases like 'I love' and uses emojis indicating positive emotion.,
Negative,You can’t even read the lyrics . This woman is shameless to call this a lyric video,The comment expresses disappointment and criticism regarding the video's lack of lyrics and the creator's perceived audacity.,
Positive,Best song in this album. So catchy,"The comment expresses enthusiastic approval and describes the song as 'catchy', indicating a positive feeling.",
Positive,Aaliyah rock the boat vibes,The comment expresses admiration and positive association with Aaliyah's song,
Positive,"damn, wish the chorus repeated just one more time at the end, would've been perfect. My fav track from this album 👌","The commenter expresses a slight desire for a repetition but ultimately states it's their favorite track, indicating a positive feeling.",
Negative,0:29 same melody as pre chorus of The Rasmus Living in a world without you,"The comment expresses a critical observation about the similarity to another song, implying a negative association.",
Positive,a mi y a lucas tomas paupie nos encantó esa partesita del beat.,"The commenter expresses enjoyment and fondness for a specific part of the beat, indicating a positive sentiment.",
Neutral,Say ok Vanessa  simular beat,The comment expresses a simple affirmation (,
Positive,"Getting this "" Baby I'm jealous "" vibe again",The commenter is expressing a nostalgic and positive feeling associated with the song's lyrics.,
Negative,Her new songs are just blahhhh not good....what happened? There all just boring and not catchy,"The comment expresses strong dissatisfaction with the music, using words like 'blahhhh,' 'not good,' 'boring,' and 'not catchy'.",
Neutral,"Corporate America owe US $87 trillion. In order to overhaul economy and infrastructure electric and other energies costs $192 trillion real economy. $122.1 trillion electric vehicles sales. Go for the money so that when it doesn’t fail us or Argentina as well Father Ignacio and his mother and southern hemisphere family happier biofuels food rather than for synthetic strengthening and farmland devastations. Oil rich energy carbon emission calamity nations? Falling apart. Trump doesn’t want foolish to Russian to China and handling care Ace Ventura UPS kickboxes! We love puzzles. Plaster to fix or hot flame cold flame to fix. Forgot Marty McFly and Doc 1.21 jigga watts. Had Teacher off cliff train saved steam carriage and omnibus families.  Logs minerals fireworks heat ratings hot, hotter and full blast pinpointing 1.21 giggy watts to hyper rail yellow lights tails sonic and knuckles!  Locomotives smoke stacks make our own smoke and lightning!","The comment expresses a complex mix of economic grievances, technological speculation, and nostalgic references, lacking a clear dominant positive or negative emotional tone.",
Positive,"Very ethereal- giving Imogen Heap vibes, like goodnight n go but this one is all hers ❤❤❤","The comment expresses a positive reaction, praising the video's quality and comparing it favorably to a well-regarded artist.",
Positive,the tempo change is such a clear message to many people,"The comment expresses a positive interpretation of a musical element, suggesting clarity and impact.",
Positive,What a vibe ❤,The use of the heart emoji and the phrase 'what a vibe' indicates a positive feeling towards the music video.,
Positive,I love its rhythm,The use of 'love' clearly expresses a positive feeling towards the music video's rhythm.,
Negative,Nothing compared to the original. Lyrics is cringy.,The comment expresses a negative opinion by criticizing the lyrics and stating a comparative disadvantage.,
Positive,Mariah Carey’s vibes! I loveeee it!,The use of enthusiastic interjections like 'loveeee' and 'vibes' clearly indicates a positive feeling towards the music video.,
Neutral,Sounds a-little like Ciara but slower tempo.  Ariana do Ariana please.,"The comment offers a slight comparison and a preference, but doesn’t express strong positive or negative emotions.",
Positive,I can listen to this all the time all day 😍The Vocals just Amazing 🤩....,The enthusiastic use of emojis and descriptive words like 'amazing' clearly indicate a positive sentiment.,
Positive,"so catchy, i loved it","The user explicitly expresses enjoyment with 'loved it', indicating a positive sentiment.",
Positive,The best outta the previous 5. I probably shouldn't have but I assumed the overall vibe for this new project might have had a similar dance vibe like the first single. I luv Ari nonetheless her vocals is what always wins me over ✨,"The commenter expresses enthusiastic appreciation for the video and the artist's vocals, clearly indicating a positive sentiment.",
Positive,SAME VIBE BMF BY SZA ACKKK MY BOTH FAVE 😭🫶🫰,"The user expresses strong positive feelings through enthusiastic language and emojis, clearly enjoying the music video.",
Positive,Thank goodness for the lyrics otherwise I’d have to google.,"The commenter expresses gratitude and a positive reaction to the lyrics being present, implying they appreciate the song.",
Positive,Baby I + Break Your Heart Right Back + Borderline = The Boy Is Mine (duh i know my opinion worst),"The user expresses a confident and seemingly enthusiastic agreement with a musical mashup, indicating a positive feeling about the comparison.",
Positive,THE SLOW BEAT !!!!!,The exclamation point and enthusiastic use of '!!!!' clearly indicate a positive reaction to the music video.,
Neutral,THE VOCALS,"This comment simply references the vocals of the song, offering no explicit emotional expression.",
Negative,Until now this album giving vocals and lyrics but its boring too,The comment expresses disappointment and boredom with the album's content.,
Positive,"This song gives me a similar vibes to ""into you"" Into you was seductively mesmerizing. It's old but gold. This one, like the sweetest almond chocolate. This is diamond. 💎✨☀️","{""sentiment"":""Positive"",""justification"":""The commenter uses overwhelmingly positive language, comparing the song favorably to a beloved track and describing it with desirable qualities like 'sweetest almond chocolate' and 'diamond'.”}",
Positive,That’s so catchy 😍,The use of the,
Positive,"The chorus sounds like Therefore I am by Billie Eilish, i like it tho","The commenter expresses enjoyment of the chorus, indicating a positive sentiment.",
Positive,Such a 00s vibe,The comment expresses a nostalgic and positive feeling about the music video's style.,
Positive,I just love the very beginning beat ❤,The use of 'love' and the heart emoji clearly indicate a positive emotional response to the music video.,
Negative,"okay so i actually need a Normani verse to actually honour this song title, it it’s gotta be a duet","The commenter expresses dissatisfaction by requesting a Normani verse, implying the current version of the music video does not meet their expectations.",
Positive,"Should've been the lead single. Love this so much more than Yes, And? and the vibes are truer to the album, like supernatural is.",The commenter expresses strong positive feelings about the music video and its connection to the album's overall tone.,
Positive,"Favourite on the album, along with Supernatural. Sounds nostalgic. Loved the album, sounds like most authentic Ari  ❤","The commenter expresses strong positive feelings about the song and album, using enthusiastic language and emojis.",
Positive,"I love how she references the songwriting in this song. That very sexy, half-beat late sung “mine” in the first line of the chorus. And then two couplets later she sings “watch me take my time” referencing “mine” being a little late AND THEN references it again in the next line “I can’t believe my mind” AND NEITHER CAN WE ARI. GOD JESUS LORD",The commenter expresses enthusiastic appreciation and repeated positive observations about the song's lyrics and the artist's delivery.,
Positive,i hear petey pablo’s freek-a-leek every time the chorus hits,The commenter expresses a positive reaction by stating they 'hear' the song and enjoy the chorus.,
Positive,The Something About him is made for somebody like me part all the way through the chorus and back up vocals was 😮😮😮❤❤❤❤❤,The use of emojis and enthusiastic wording strongly indicates a positive reaction to the music video segment.,
Neutral,Are there any up beat songs on the album??,"The comment expresses a simple question about the album's musical style, lacking explicit emotional tone.",
Positive,we need gucci mane on this beat,"The commenter is expressing a desire for a specific artist, indicating a positive reaction to the music.",
Positive,Aaliyah vibes 🎶,The comment expresses admiration and evokes a positive association with Aaliyah's music.,
Positive,Lyrics plz!!!!,The exclamation mark and request for lyrics indicate excitement and a positive desire for content.,
Positive,So 2018 vibes,The comment expresses a nostalgic and positive association with the music video's style from 2018.,
Neutral,Any recs for songs with a similar vibe ?,"This comment is a request for recommendations, expressing a desire for similar music but lacking explicit positive or negative emotion.",
Negative,"I get what she was trying to do but with her voice against the beat, as well as the way she was singing/slightly rapping. the paise in the beat is throwing everything off. her backgound voices were an odd choice. it was catchy. she didnt understand the assignment for this one.","While acknowledging a catchy element, the comment primarily expresses criticism of the vocal performance and arrangement choices.",
Positive,It’s giving more like Doja cat vibe,"The comment expresses a positive comparison, suggesting the music video shares a desirable quality with a popular and well-received artist.",
Negative,"stole the beat from vince staples' ""aye free the homies""","The comment expresses criticism and accusation of plagiarism, indicating a negative sentiment towards the music video.",
Positive,It’s so catchy ahh 💕,The use of 'so catchy' and the heart emoji clearly indicate a positive feeling towards the music video.,
Positive,wow wow the voice and beats...............pure flow....so enjoyable,The commenter expresses enthusiastic enjoyment and positive feelings about the voice and beats.,
Positive,beat is majestic,"The comment expresses admiration for the music's quality, indicating a positive sentiment.",
Positive,"Omg JLo vibes, without JLo sounds so polite. 🥰😆",The enthusiastic emojis and comparison to JLo indicate a positive reaction to the music video.,
Positive,Lil Wayne should put this beat on his new mixtape,"The commenter expresses a desire for the beat to be used by Lil Wayne, indicating a positive opinion of the music.",
Positive,"0:47 I love this new chapter for her. It’s giving more R&B and less pop. She just unlocked new levels of where her sound and emotions intertwine, balancing one another.",The commenter expresses clear admiration and positive feelings about the artist's evolving sound and artistry.,
Positive,0:27 same beat as in the collab between Seventeen and Nu'est in Heaven ;),"The comment expresses a positive association with a well-regarded music collaboration, suggesting appreciation for the song's similarities.",
Positive,It was giving Samantha Jade- Boyfriend vibe tempo❤❤❤.. Good job Ariana😊❤❤❤..,"The commenter expresses positive feelings by comparing the music video to a well-liked song and uses heart emojis, indicating appreciation.",
Positive,Ohhhhh.....its actually really good and so alluring and seductive in a classy sexy sensual way.... definitely a vibe🔥🔥🔥🔥and  im not even a real fan of this particular genre of music,"The comment uses enthusiastic language like 'really good,' 'alluring,' and 'sensual,' indicating a positive reaction to the music video.",
Negative,that vibrato in her voice in the chorus holy fucking shit,The use of strong expletives ('holy fucking shit') indicates a highly negative reaction to the vocal performance.,
Positive,it's giving 2000's vibesss,The comment expresses a nostalgic and positive association with the music from the 2000s.,
Positive,"Ari here's totally ate that with the lyrics, so majestic as it should 💅😍❤‍🔥","The use of emojis like 😍 and 💅, combined with the enthusiastic phrasing 'totally ate that,' indicates a very positive reaction to the music video.",
Positive,Fantasize's vibe! Yes!!! 90's RnB I love itttttttttttttt It sounds just like the sequel of Fantasize!,"The user expresses enthusiastic agreement and excitement about the music video, using positive language like 'love it' and 'yes!'",
Positive,this beat this beat this beat omg i loooveeeee arriiiiii,The user expresses strong positive emotion through repeated emphasis and enthusiastic declarations of love for the music.,
Positive,Definitely giving Brandy and JoJo vibes. 2006 vibes too.,The commenter expresses a positive opinion by referencing familiar and nostalgic artists and a preferred era.,
Positive,Doja Cat Vibe,"The comment expresses approval of the music video, indicating a positive sentiment.",
Positive,Britney Spears vibes✨✨,The use of 'vibes' and the sparkle emojis strongly indicate a positive association with Britney Spears' music.,
Positive,"This beat snd the first flow reminds me of 1,2 step by Ciara ✨",The commenter expresses a positive association with the music video by comparing it favorably to a well-regarded song and artist.,
Positive,This beat go so hard this whole song a vibe. ❤❤❤ uu Ari,"The commenter uses enthusiastic language ('go so hard', 'a vibe') and emojis to express positive feelings about the music video.",
Negative,This song gives me some rage vibes!,"The use of 'rage vibes' indicates a strong, negative emotional response to the music video.",
Positive,"She never misses, every chorus has such a beautiful melody that gives you chills, what a special talent 😮‍💨😩🔥🎶🌊","The comment expresses strong positive emotions about the music video, using enthusiastic language and emojis conveying excitement and appreciation.",
Positive,Hold on somebody get Ciara on this with these 2000’s vibes RNNNNNNN💚🔥💃🏾💃🏾💃🏾💃🏾💃🏾💃🏾💃🏾💃🏾💃🏾💃🏾💃🏾💃🏾💃🏾🔥🔥🔥🔥🔥🔥🔥🔥🔥🔥🔥🔥🔥🔥🔥💚,The comment expresses enthusiastic excitement and positive feelings through repeated emojis and exclamation points.,
Positive,This giving britney spears vibe!!!,The exclamation point and positive descriptor ('giving britney spears vibe') clearly indicate a favorable opinion of the video.,
Positive,This is giving Britney Spears beat 💪,The commenter uses the enthusiastic phrase 'giving Britney Spears beat' indicating a positive reaction to the music video.,
Positive,My most favorite song of her album ❤ the melody is spinning around my head,The user expresses strong positive feelings about the song and uses enthusiastic language like 'most favorite' and 'spinning around my head'.,
Negative,She made a beautiful song with lyrics about breaking up a marriage lol 😂.. what a gorgeous talented whore,The comment contains derogatory language ('whore') and expresses a negative opinion with a sarcastic and dismissive tone.,
Negative,I need the lyricssssss 😭,The use of the crying emoji and the plea for lyrics indicates frustration and disappointment.,
Positive,Que voz meu Deus um timbre tão leve...,"The comment expresses admiration for the song's timbre, indicating a positive sentiment.",
Negative,some of you don't need to understand the lyrics...<3,The use of the heart emoji combined with a dismissive statement suggests a critical and potentially frustrated reaction.,
Negative,Blatant rip off brandy and Monica  lyrics and my god you can have him 😅😂,"The comment expresses disapproval and criticism of the music video's similarity to other artists and uses a dismissive emoji, indicating a negative sentiment.",
Positive,Nothing will ever be compared to the Fantasize chorus... But good try!,The commenter acknowledges a commendable effort (,
Negative,"you use my voice and my mastering for the distributed version without responding to my hello on insta. You know only my friends can make money from my job but you ghost my hello and happy birthday after 6 years you ghost me you continue to hack my pc for robbed my voice and my mastering without hello and contract signed to do business. Please delete all my work on 7rings/stuck with you/34+35/positions/santa tell me/all tracks eternal sunshine Dj scrog remix to help you get back. now you and Mariah Carey are my enemy, you are not allowed to use my voice and my mastering for the buisness version because you never respond to my hello. you know I'm not interested by your money after 6 years, I help you for you  Mariah's feat and your musical arrangement. you are killing our love for no, hello now i hate you. you kill my love for you goodbye forever. eternal goodbye","The comment expresses intense anger, frustration, and a desire for the user's work to be removed, clearly indicating a negative sentiment.",
Negative,1:16 giving Britney Spears toxic vibes. Specifically the part after the bridge “taste of your lips I’m on a ride”,"The comment expresses a critical opinion, labeling the music video as 'toxic' and focusing on a specific lyric negatively.",
Positive,Perfect good vibe ❤️,The commenter expresses positive feelings using the word 'perfect' and a heart emoji.,
Positive,"This album should've been ""BEST POP VOCAL ALBUM"" at the Grammys","The commenter expresses a strong positive opinion, advocating for the album to win a prestigious award.",
Positive,t.a.t.u. yulia volkova vocals in the chorus???,The comment expresses a positive observation and appreciation for Yulia Volkova's vocals.,
Positive,this has lady gaga vibes,"The comment expresses a positive comparison to Lady Gaga, indicating enjoyment of the music video's style.",
Positive,"This is the first song of hers that I can actually understand the lyrics of, did she start enunciating or did I just finally get used to her mumbling?","The commenter expresses a positive shift in their perception of the artist's vocal delivery, indicating appreciation.",
Positive,"I don’t get the hate, this album is so much better than the Positions album. It sounds different, has less dirty lyrics, has a better vibe in general… also almost each song is a bop","The commenter expresses strong positive feelings about the album, praising its sound and calling most songs 'bops'.",
Positive,Love it the 2000s beat it hits ❤️,The commenter expresses clear enthusiasm and affection for the song's rhythm and style.,
Positive,"It's giving quiet, martial arts, Chinese/Hongkonger madam woman vibes. I like it.",The commenter expresses a positive appreciation for the video's aesthetic and explicitly states they 'like it'.,
Positive,Early 2000s rnb vibes and production,The comment expresses a positive appreciation for the music video's style and era.,
Positive,Best song but needs more range in her vocal i can see why she picked this song it’s young & fresh forever,"The commenter expresses enthusiasm for the song while offering constructive criticism about the vocals, indicating a generally positive overall feeling.",
Positive,omg so fucking nice melody,The use of 'so fucking nice' indicates strong positive feelings towards the melody.,
Positive,"This chorus is going to all over TikTok soon. Speed up and slowed down, new challenges and edits made with this song.","The comment expresses excitement and predicts viral popularity, indicating a favorable opinion of the music video.",
Neutral,THE TEMPO CHANGE,"The comment simply states an observation about the music video's tempo, without expressing any positive or negative emotion.",
Positive,I LOVE WHEN SHE SINGS SO STRONGLY AND DEEP LIKE THAAAT,The commenter expresses enthusiastic enjoyment of the singer's vocal performance.,
Positive,This is 80s vibe songg!! She is killing the game lately,"The comment expresses enthusiastic praise for the song and the artist's performance, indicating a positive sentiment.",
Positive,es de mis favoritas pfff las vibes🥰,The use of 'me' and 'las vibes' (vibes) expresses a clear fondness and positive feeling about the video.,
Positive,This is giving fantasize vibe,"The comment expresses a positive feeling, describing the video as having a 'fantasize vibe'.",
Positive,Early 2000s vibe with a splash of 24,The comment expresses a positive appreciation for the video's nostalgic and stylistic elements.,
Positive,Omg what a powerful and energy 😍❤,The use of emojis like '😍❤' clearly expresses enthusiastic enjoyment and positive feelings about the music video.,
Positive,"She can’t believe her eyes, but I can’t believe my ears because Ms. Ariana is serving vocals and sass 🤩🤩",The use of enthusiastic emojis and positive descriptors like 'serving vocals and sass' clearly indicates a positive sentiment.,
