﻿classificacao,comentario,justificativa,sentimento_manual
Positive,I love the 90s vibe. ... ...,"The commenter explicitly expresses affection for the video's 90s aesthetic, indicating a positive sentiment.",
Positive,This is totally Express Yourself / Vogue vibes ❤️🙌,The use of a heart emoji and exclamation points indicates enthusiastic appreciation for the video's resemblance to the referenced songs.,
Positive,I'm 61 and I freaking love this song. And I don't know why it makes me emotional.,The user explicitly states they 'love' the song and expresses a positive emotional response.,
Positive,I'm getting major goosebumps from this epic chorus!,The commenter expresses a strong positive reaction – ‘goosebumps’ – indicating they enjoyed the music video.,
Positive,"Love this song, the whole era has been so powerful she's so back with this album and Wicked <3","The commenter expresses clear enthusiasm for the song and album, using positive language like 'Love this song' and 'powerful'.",
Positive,i don’t get why people are so disappointed by this song 😭 it’s such a  good pop & dance/house record with an amazing vibe. good quality and productions and vocals,"The commenter expresses strong positive feelings about the song, praising its quality, production, and vibe.",
Positive,These lyrics are brilliant...how she put them to such an amazing dance song...,"The comment expresses admiration for the lyrics and song, indicating a positive emotional response.",
Positive,This song doesn't get old I love all the vibe in it❤,"The commenter expresses affection and enjoyment of the song and its atmosphere, indicating a positive sentiment.",
Positive,MADONNA VIBES 110%,The enthusiastic exclamation '110%' clearly expresses positive excitement about the music video.,
Positive,Ari your mind is just brilliant!!  The song and the video are literally everything. The vibes are immaculate and concept is truly inspired you can tell a lot of thought was put into the visual! I’m obsessed 😭😭😭,"The commenter expresses overwhelming enthusiasm and adoration for the video and artist, clearly indicating a positive sentiment.",
Positive,"Yes and is actually overhated, its so good i love the vocals and the introduction",The comment expresses clear enjoyment and positive opinions about the music video's elements.,
Positive,"I love this video. The lyrics and feel of the song (which I loved since I heard it) hit me harder watching it. No to the haters. Be your own best friend. Shit gets tough. There's too much judgment and worrying about what everyone else is up to, when we have to care for and answer to ourselves at the end of the day. Love it ari","The commenter expresses clear enthusiasm and affection for the video and song, using phrases like 'I love this video' and 'Love it ari'.",
Positive,fuck !!! she has gone beyond the level... and in this whole eternal sunshine album she has expressed every stage of trauma and healing through her lyrics.. I'm really drugging to... felt so relatable how it feels to be stuck then trauma bonded and then to finally decide and move on and never give a fuck. it takes a lot to not care about others and when you do... it gives you immense power❤️‍🔥😭 love love love every version of arii,"The comment expresses overwhelmingly positive feelings about the music video and the artist's lyrics, using enthusiastic language and emojis.",
Negative,the lyrics are so insanely tone deaf and shameless considering she's a serial boyfriend stealer donut licker home wrecker. you're tired of people's assumptions? imagine how the ex wife feels lmao,"The comment expresses strong disapproval and insults directed at the artist, indicating a clearly negative sentiment.",
Positive,Actually a real good tune. 90s vibes 😎,"The commenter expresses positive appreciation for the music video, using phrases like 'real good tune' and a positive emoji.",
Positive,"Ariana, I don't know if you are going to read this comment, but did you know that this is my favorite song right now? Yes, And?... it makes me happy and gives me optimism because of the lyrics, I can't stop thinking about this song and I want you to know that I love you very much for making me happy with this beautiful song.  It's been a long time since I've heard such a special song.","The commenter expresses strong positive feelings about the song, describing it as their favorite and conveying gratitude to the artist.",
Positive,"This is a fucking hit you guys what’s wrong with you? It’s an ANTHEM, love the beat and the message damn","The commenter uses enthusiastic language like 'hit,' 'anthem,' and 'love,' indicating a positive feeling about the music video.",
Negative,CAN EVERYONE STOP COMMENTING “WHOS HERE IN *insert month here* 2024” LIKE ITS ACTUALLY ANNOYING,"The comment expresses annoyance and criticism of a repetitive type of comment, indicating a negative sentiment.",
Positive,This song is already nostalgic and it hasnt even been a year,The commenter expresses fondness and a positive feeling towards the song's nostalgic qualities.,
Positive,This song has such a 80's Janet Jackson vibe on it.... really love it,"The commenter expresses enthusiasm and a positive comparison to Janet Jackson, indicating a favorable opinion of the song.",
Positive,Giving Madonna vibes,"Comparing the music video to Madonna is generally a positive comparison, indicating approval and admiration.",
Positive,"i don't know how i missed it when it came out, the very important detail: she's a stone figure, a sculpture, not her true live self when the covers are down, when the world sees her, but when the covers are up and no one can see her she's moving, dancing, singing and being unapologetically herself. i love you so much Ari","The comment expresses adoration and appreciation for the artist, indicating a strongly positive sentiment.",
Positive,'Vogue' vibes. Love it!,The exclamation 'Love it!' clearly indicates a positive feeling towards the music video.,
Positive,I love the 90s dance music type vibe this has,The commenter expresses enthusiasm and affection for the music video's style.,
Negative,You should be ashamed of yourself girl I truly wish you the worst,"The comment expresses strong disapproval and a desire for harm, indicating a clearly negative sentiment.",
Negative,"It’s pretty gross to me how many people aren’t paying attention to the lyrics and/or caring that she’s saying she stole a married man with an infant, so what? We don’t hold celebrities accountable for shit anymore unless we’re canceling them for “woke” offenses.",The comment expresses strong disapproval and criticism of the video's content and the audience's lack of concern about a serious issue.,
Positive,"Madonna's ""Vogue"" vibe. But it reminds me of Paula Abdul's ""Cold Hearted"" Video. Love It....","The commenter expresses love for the video, indicating a positive emotional response.",
Positive,Gives madonna vouge vibes,"The comment expresses a positive comparison to the fashion magazine Vogue, indicating a favorable opinion of the music video.",
Positive,Madonna vibes,"The comment expresses a positive association with the music video, referencing the iconic singer Madonna.",
Positive,"this is giving me ""george michaels too funky"" vibes <3",The use of 'vibes' and the heart emoji clearly indicates a positive association with the music video.,
Positive,It has Madonna Vogue vibes. So cool!,The comment expresses excitement and approval using positive language like 'cool!',
Positive,"People are hating now but just wait in a couple of years people will look back, feel nostalgic and realise how iconic this comeback was.",The comment expresses a belief that the video will become increasingly popular and fondly remembered over time.,
Positive,so 90's disco! Loved it! The vibes reminds me of the 90's Whitney Houston - I'm Every Woman❤,"The commenter expresses enthusiasm and fondness for the video, using words like 'Loved it!' and describing a positive nostalgic feeling.",
Negative,I love how this is a literal diss to a family but DAMN it’s catchy😗,"Despite acknowledging a catchy melody, the comment expresses a critical and potentially uncomfortable reaction to the video's subject matter (a 'literal diss to a family').",
Positive,2:45 the way she put mac miller's lyrics is so heart touching she really love him so much😢💕,The commenter expresses admiration and emotional connection through positive language like 'heart touching' and uses emojis to convey fondness.,
Positive,"I have been looking for top, current music stars to follow since my girlfriend went off with her cousin to see Girls Aloud a few days ago. I was fuming. I was not going to be left out. Ignored. I was going to have my performers that I love who appeal to me. And today (June 4, 2004) I have found it. Ariana won a new fan today. Me. I have listened to the first few lines of the lyrics to songs from stars like Shawn Mendes and I switched off. Ariana's song's just make me want to keep on listening. Nothing to do with the fact that two very young victims of the tragedy in Manchester are from my hometown. There is something about her voice that just keeps me hooked. I intend to listen to more in the very near future. This is my first ever song. But there is going to me more. Much more.","The commenter expresses excitement and a newfound appreciation for Ariana Grande, indicating a positive emotional reaction.",
Positive,I dont know what kind of vibe but it’s definitely a vibe,The comment expresses a positive feeling about the video's atmosphere using the word 'vibe' in a complimentary way.,
Positive,It's basically Vogue but with better🎉 lyrics!!!!,The exclamation points and comparison to 'Vogue' with a positive modifier ('better') strongly indicate a positive sentiment.,
Positive,her class is unbeaten,The comment expresses a strong positive opinion about the music video’s class.,
Positive,Who's here after abracadabra? Felt like same vibes,The comment expresses a positive feeling by referencing a shared experience ('vibes') and a playful question ('Who's here').,
Positive,Madonna vibes 🎉,The exclamation mark and phrase 'Madonna vibes' indicate enthusiastic appreciation for the music video.,
Positive,"Honestly I'm skiddish when it comes to pop music but this hits different, bc imo it got great house drums, drum patterns and mixing + synths remind me the type that are sampled into Futute Funk/French Touch","The commenter expresses a positive reaction, highlighting specific musical elements they enjoy and comparing favorably to influential artists.",
Positive,all of her music videos always are so entertaining and her songs r such a vibeeeee,The comment expresses enthusiastic enjoyment and uses positive language like 'entertaining' and 'vibeeeee'.,
Positive,"oh god, I love the vibe so much",The commenter expresses strong positive emotion with the phrase 'I love the vibe',
Positive,She s gorgeous and small but powerfull ❤ grande dame ❤❤,"The use of emojis like '❤' and positive descriptors ('gorgeous', 'powerful') indicates a favorable sentiment.",
Positive,Madonna vibes,The comment expresses a positive association with the music video by referencing the iconic pop singer Madonna.,
Negative,i used to love ari but her life decisions are so questionable and she doesn’t seem authentic to me just deeply insecure and tries so hard to convince the world the opposite. not only does she have a reputation of homewrecking but she is so obviously self destructive. and she tries so hard to convince people she’s healthy when she looks extremely underweight and sick. i hope she is still going to therapy cause this is not ok,The comment expresses strong criticism and negative judgments about the artist's behavior and appearance.,
Positive,😮wow great  melody and the choreography is f*****g Amazing!,"The comment expresses enthusiastic praise for the melody and choreography, indicating a positive sentiment.",
Negative,The single worst song ever. Literally just came here to say that. I hope Ariana and Ethan make each other as miserable as they made his family in this situation. The lack of conscience is completely psychotic.,"The comment expresses strong disapproval and animosity towards the song and its creators, using phrases like 'worst song ever' and accusing them of 'lack of conscience'.",
Positive,"Anyone else noticed how the MV has subtle references from previous LG’s masterpieces? That lady in red gives a vibe of alejandro and marry the night, her in white feels like bad romance and dancers in unison like born this way, that scene with canes like in paparazzi, that smoke puffs like in applause, people cheering while she’s in the middle like in stupid love, screaming scene like in 911 ❤❤","The comment expresses enthusiastic appreciation for the music video's clever references to other iconic songs, indicating a positive reaction.",
Positive,"Let's take our place for a great masterpiece, I love this song and Ariana's vocals ✨️",The commenter expresses clear enthusiasm and love for the song and Ariana's vocals.,
Positive,Passa o tempo e eu continuo adorando essa,"The comment expresses continued enjoyment, indicating a positive sentiment.",
Positive,Sounds like Madonna Vogue. Love this song! Great vibe,"The comment expresses enthusiasm and appreciation for the song, indicating a positive sentiment.",
Positive,Good catchy tune with retro elements.,The comment expresses positive feelings about the music video's qualities – being 'good' and having 'catchy' elements.,
Positive,what a beatiful song,The comment expresses a positive feeling about the song using the adjective 'beautiful'.,
Positive,Loving the 80’s references in her videos right now. Totally cold hearted snake vibes here 🔥🔥🔥,"The commenter expresses enthusiastic approval with multiple fire emojis, indicating a positive sentiment.",
Positive,"Love the 90’s vibes of this one and how all the statues crumble, and then Ariana’s classy grand entrance. Love her outfit, shoes and hat. And the end when the dancers and her become the statues again. 🖤🤍🩶 👠 😍🥰😘🤩🌟✨🎶🎵🎤🎙️🏆 👑 💎 ⚜️","The comment expresses enthusiastic appreciation for the video's aesthetic and Ariana's performance, using multiple positive emojis.",
Negative,She looks strange because she bleached her hair and eyebrows it's just not right for her skin tone,"The comment expresses a critical opinion about the artist's appearance, using terms like 'strange' and 'not right' indicating a negative sentiment.",
Positive,"The beat sounds like a sonic level mixed with final fantasy 13, love it","The commenter expresses clear enthusiasm and liking for the music video's sound, indicating a positive sentiment.",
Positive,Madonna vibeessss! 🎶🫶🏽,The enthusiastic exclamation and emojis clearly express a positive appreciation for the music video.,
Positive,"Madonna, Vogue vibes","The comment expresses enthusiasm for the music video, referencing a positive association with Madonna's music and style.",
Positive,Ariana brought back the 90s eurohouse beat 🥲🥲,The use of '🥲' emojis and the positive reference to '90s eurohouse beat' indicate a favorable sentiment.,
Positive,Such a catchy song,The comment expresses enthusiasm and enjoyment with the phrase 'catchy song' indicating a positive feeling.,
Positive,the vibe this gives is crazy,The use of 'crazy' in a positive context indicates excitement and enjoyment of the music video's atmosphere.,
Positive,this is giving a very boutique store vibe,"The comment uses the positive descriptor 'boutique store vibe,' indicating a favorable impression of the music video's aesthetic.",
Positive,Good vibes!!!,The exclamation points and phrase 'good vibes' clearly express a positive feeling about the music video.,
Positive,This has an early Madonna vibe to it! Love it! 😁,"The commenter expresses enthusiasm with 'Love it!' and a positive emoji, indicating a favorable opinion.",
Positive,she doesnt make mainstream music the sammmeee!! so deep,The commenter expresses admiration and appreciation for the artist's unique style and depth.,
Positive,"I love the emotion it gives, it's really motivating",The commenter expresses strong positive feelings and describes the video as 'motivating',
Neutral,I like it but.....the beat doesn't really go with the song in some  parts though,"The comment expresses a mixed opinion, acknowledging a positive aspect while also pointing out a specific area of criticism, indicating a neutral overall sentiment.",
Positive,I just realized what the lyrics are about and I just wanna say you go Ari like when I read the lyrics I just realized it's about you people talking trash about hir body like just mind your own business have you guys have nothing better to do 😅,"The commenter expresses admiration for the artist and a desire for others to stop negativity, indicating a positive reaction to the video and artist's work.",
Positive,This song is really catchy .I love you ari,"The user expresses love for the song and describes it as 'catchy,' indicating a positive feeling.",
Negative,The worst song in the album.,The comment explicitly expresses a negative opinion by stating the song is 'the worst' on the album.,
Positive,Love this. Giving Paula Abdul Cold Hearted Snake vibes. I'm here for it❤,"The commenter expresses enthusiasm ('Love this') and uses a positive emoji, indicating a favorable opinion.",
Positive,The beat and aesthetics have a 90's vibe.,"The comment expresses a positive reaction to the video's style, specifically referencing a desirable 90's influence.",
Positive,"When i heard it for 1st time i thought the lyrics was ""In case you haven't noticed, I'm everybody's type"" 🤦🏻‍♀️",The user's reaction expresses a positive initial impression of the song's lyrics.,
Positive,sono andato tipo 10 volte ad h&m da gennaio e tutte e 10 le volte l’ho sentita e sono rimasto là tempo extra per finirla. i love this song sm BEST COMEBACK EVER.,The user expresses strong positive feelings about the song using phrases like 'i love this song' and 'best comeback ever'.,
Positive,anyone else geting MADONA'S VOUGE vibes,"The comment expresses a positive comparison to a well-regarded Madonna music video, indicating enjoyment and admiration.",
Positive,Love a ariana grande beatiful,The commenter expresses positive emotion by stating they,
Positive,Can you sense my vibes?,The question 'Can you sense my vibes?' expresses a desire for connection and positive acknowledgement.,
Positive,Has the vibes of Madonna's Vogue from 1990...,"The comment expresses a positive comparison, associating the music video with a well-regarded and popular song.",
Negative,Yes and shes annoying,The comment expresses a negative opinion by describing the artist as 'annoying',
Positive,tf y'all sleeping on Ari now and prefer some generic KPOP by not giving this banger 100m views?,"The commenter is praising the song's quality and expressing frustration with a lack of appreciation, indicating a positive sentiment towards the artist and music.",
Positive,"The eternal sunshine official music videos, lyrics videos and visualizers combined have 203.3 million views",The comment expresses a positive sentiment by highlighting the video's immense popularity (203.3 million views).,
Positive,This has Vogue by Madonna vibes. Absolutely love it.,The comment expresses enthusiasm and a clear positive comparison to a well-regarded song.,
Positive,I FOLLOWED THE VID YOU ARE VERY DEEP AND CREATIONEE,"The commenter expresses admiration and appreciation for the video, indicating a positive sentiment.",
Positive,I know she's a mess but this song is soooooo very catchy.,The use of 'soooooo' and the enthusiastic description of the song as 'catchy' indicates a positive sentiment.,
Positive,Totally getting Late 80's Vibe and hope this continues!,"The commenter expresses enthusiasm and a desire for the video to continue, indicating a positive sentiment.",
Positive,This song sounds like I'm in the strip club in gta5. I'm catchin those vibes 😅,"The user expresses a positive association with the song, stating they are 'catchin those vibes' which implies enjoyment.",
Positive,"Loving EVERYTHING about THIS. Not only - it's actually the first time I watch this video-, that when I heard this tune some months back, that I paid attention to Ariana's music.. probably just really only knowing the collaboration with The Weekend, before. However, watching the video now & paying attention to the song's composition elements, it's so beautiful to see how she pays tribute to Paula Abdul's ""Cold Hearted"" in terms of choreography set up & execution - which back then, was actually a choreography tribute to Bob Fosse. 🥰. You will know, it's a definite tribute to Paula Abdul's video, when you see the window blinds go up to darken the dance studio at 2:25, when in Paula's video, the blinds get pulled down to darken the dance studio from 02:17-02:24. But also, the song actually seems to incredibly cleverly sample George Michael's beginning intro from ""Freedom 90'"" - just sped up & masterly cut into a fraction. So. But then also, culminating into beats resembling Madonna's ""Vogue"" just changed. Which would state the case, when the clay figures from 0:47-049 show Vogueing poses.. . So, And Yes.. is a lil masterpiece in its whole contribution & homage to other artists. Well done. 🥰","The user expresses overwhelmingly positive feelings about the video, praising its artistry and referencing numerous artistic influences with enthusiastic detail.",
Negative,It’s me or the base beat it’s exactly the same as Vogue !!!!,"The comment expresses dissatisfaction by directly comparing the music video's beat to a well-known song, implying a negative association.",
Positive,Kind of gives me Paula Abdul's Cold hearted Snake  vibes,"The comment expresses a positive comparison, associating the music video with a well-regarded song and artist.",
Positive,This is basically a Madonna song. Total Madonna vibes.,"The commenter is expressing a positive association with the music video, comparing it favorably to a well-regarded artist.",
Positive,"this song has so much meaning, and i love the theme of finally telling the critics how annoying they are.","The commenter expresses love for the song and appreciates the theme, indicating a positive feeling.",
Positive,I’m getting Madonna express yourself vibes,The comment expresses a positive association with Madonna’s song 'Express Yourself',
Positive,She's so cute and sexy ! And so powerfull! Shinning example of femininity. Love you Ari!❤,"The comment expresses admiration and affection for the artist, using positive adjectives like 'cute,' 'sexy,' and 'powerful'.",
Negative,The beat is AMAZING but ariana's voice doesn't match with THE beat,"The comment expresses disappointment with Ariana's voice not aligning with the beat, indicating a negative feeling.",
Positive,"she's talking to the homophones and the people who constantly talk smack about her, talk about killing two birds with one stone. oh Ari the bad b*tch you are 💗",The use of '💗' emoji and descriptions of Ari as a 'bad b*tch' alongside assertive language indicates a supportive and admiring sentiment.,
Positive,"Esto tiene las mismas vibes que Vogue de Maddonna, amo","The commenter expresses admiration and liking for the music video, stating they enjoy the similar vibes to Madonna’s “Vogue”.",
Positive,I get major Madonna  vibes . I like it .,The commenter expresses a positive association with Madonna and explicitly states they 'like it'.,
Positive,Quien esta acá para comparar el Beat con Abracadabra de Lady Gaga?,"The user is expressing interest and excitement about comparing the beat to a popular song, indicating a positive sentiment.",
Positive,I like the rhythm of this song,"The commenter expresses a clear preference for the song's rhythm, indicating a positive sentiment.",
Positive,happy 100 million milestone,The comment expresses joy and celebration of a significant achievement (100 million views).,
Neutral,Paula Abdul vibes.  Check out cold hearted snake,"The comment references a positive comparison ('Paula Abdul vibes') but includes a derogatory term ('cold-hearted snake'), resulting in an overall mixed sentiment that leans towards neutral.",
Negative,I missing the old ari take seriously not funny that missin the vibesera when thank you next and sweetner,"The commenter expresses disappointment and nostalgia, using phrases like 'not funny' and 'missing the vibesera', indicating a negative sentiment towards recent music releases.",
Positive,I like it. Very catchy tune. Been listening to it on loop today. Girl please go and eat some food.,"The user expresses liking the music and repeated listening, indicating a positive sentiment despite a slightly unusual and potentially critical addition to the comment.",
Positive,"To be honest, I didn't like this song the first time I listened to it. But now I love it. Starting 2024 with it was a vibe.",The commenter initially disliked the song but ultimately expresses a positive feeling and enjoyment (,
Negative,Total degradation of music.Apart from the beat there is ABSOLUTELY nothing interesting in this clip as well as all her (her producer's) videos in the last 5 years.,"The comment expresses strong dissatisfaction with the music video, using terms like 'total degradation' and 'absolutely nothing interesting'.",
Positive,Its giving Janet vibes 🥰,The use of 'giving Janet vibes' and the heart-eyes emoji indicates a positive association and appreciation of the music video.,
Positive,"Madonna  Vogue vibes,  I LIKE IT!",The commenter explicitly states they 'LIKE IT!' indicating a positive feeling about the music video.,
Positive,I like Ari's new music vibe. Yes it doesnt sound like her past songs. Love it still.,The commenter expresses enjoyment and affirms their liking despite a change in musical style.,
Positive,It has a Madonna vibe to it,"Comparing the music video to Madonna is generally a positive association, suggesting it’s well-produced and appealing.",
Neutral,This video give Cold Hearted Snake vibes.,"The comment uses a descriptive comparison, but doesn't express a clear positive or negative emotion about the video itself.",
Positive,idc abt the music the intro is fire aswell as the beat love it!!,The user expresses enthusiastic approval of the video’s intro and beat with positive language like 'fire' and 'love it'.,
Neutral,"Her dancing is ahead of the beat, which is fascinating because as a singer surely she has rhythm","The comment expresses a slightly critical observation about the dancer's timing, but doesn't convey strong positive or negative emotion.",
Positive,the sound of the beats are very similiar to the track vogue from madonna...nice track,The commenter expresses a positive opinion by comparing the track favorably to a well-regarded song.,
Positive,Fosse vibes ❤,The use of 'vibes' and the heart emoji clearly express a positive feeling towards the music video.,
Positive,"As a survivor from violence and emotional abuse, this song is so therapeutic and empowering thank you ❤","The commenter expresses gratitude and describes the song as 'therapeutic and empowering,' indicating a positive emotional response.",
Positive,It gives Paula Abdul vibes,"The comment expresses a positive association, comparing the music video to a well-regarded artist (Paula Abdul).",
Positive,"I love the lyrics and the thinking behind it. She must be a very strong lady! thank you for your artistry, you are beautiful.",The comment expresses admiration and appreciation for the artist's work and talent.,
Positive,Been in this vibe allll day 🤷🏾‍♀️ cause who strangers think they are to tell ppl who they are 🤦🏾‍♀️😘,"The user expresses enjoyment of the 'vibe' and uses affectionate emojis, indicating a positive feeling towards the music and video.",
Positive,The ‘Paula Abdul Cold Hearted’ vibe is undeniable! 🔥,The use of the fire emoji and enthusiastic description of the song's influence indicate a positive reaction.,
Positive,"This video immediately evokes for me a throwback to Paula Abdul cold Hearted Snake video in the styling /choreography (the setting, the hat, the moves of the background dancers) and musically it’s giving Madonna Vogue vibes.","The comment expresses admiration and comparison to iconic music videos, indicating a positive response to the video's style and influence.",
Positive,"This is giving ""Thank U, Next"" vibes. 🤩 Catchy song, by the way!","The commenter expresses enthusiasm and positive comparison, indicating a favorable opinion of the music video.",
Neutral,People mentioning the similarities to Madonna (Vogue) with the beat. But the visuals are most similar to the Cold Hearted video by Paula Abdul,"The comment expresses mixed opinions, comparing the video to two different artists and styles without a clear overall positive or negative judgment.",
Negative,"Generic, boring, and annoying.","The comment uses negative descriptors like 'boring,' 'annoying,' and 'generic,' indicating a negative sentiment towards the music video.",
Positive,Love this song gives Madonna vibes,"The commenter expresses fondness for the song, using a positive comparison to Madonna.",
Positive,Why is this kinda nostalgic already?😭😂,The use of emojis (crying and laughing) alongside the sentiment 'nostalgic' indicates a feeling of positive remembrance and enjoyment.,
Positive,"ARIANA I AM PROUD OF YOU GIRL …. You ate the visuals the lyrics and choreo, yea I had to put on subtitles and actually understand the song more and I felt every word . SAY THAT SHI WITH YO CHEST. It’s funny because a lot of y’all she was talking about and all y’all can say is “the malls this and stores that” like can y’all not give her the well deserved flowers . She ate y’all up and y’all really quiet . 😂😂","The commenter expresses enthusiastic admiration and praise for Ariana Grande, highlighting her artistic talent and the emotional impact of the music video.",
Positive,The beat of the intro is like  Madonna's VOGUE song.,"The comment expresses a positive comparison to a well-regarded song, indicating enjoyment of the music video.",
Positive,Loved it so much I made it my ringtone ❤,The enthusiastic use of 'Loved it' and the inclusion of a heart emoji clearly indicate a positive sentiment.,
Positive,Feeling that this should be Janet Jackson song.  Has that vibe,"The comment expresses a positive association with Janet Jackson and a desired musical style, indicating enjoyment.",
Positive,Madonna could have released this song in the 80s. The rhythm comes from this time. Brilliant!🥰,"The comment expresses enthusiastic praise for the song, using terms like 'Brilliant!' and a heart emoji, indicating a positive sentiment.",
Positive,I fine eat sometimes yes more time i sit on telephone and back to melody come toilet comeback bed morning wake and  cake eat share time with my dog because is young dog Like meat i eat beat,The comment expresses enjoyment and positive feelings about companionship and simple pleasures like eating and spending time with a dog.,
Positive,"You can in there but forever Like better Vibe Like sweet , drink milk music must listen and have good Vibe dont take pen allways use voice and give energy with this good smile allways good vibe","The comment expresses enthusiastic appreciation for the music and its positive atmosphere, using words like 'like,' 'good,' and 'vibe'.",
Positive,chill vibe,The word 'chill' and 'vibe' typically indicate a pleasant and enjoyable experience.,
Negative,i can't be the only one who think the build up is cool but the chorus absolutely sucks ass,"The comment uses strong, negative language ('sucks ass') expressing a clear dislike of the song's chorus.",
Positive,This song has same vibes with Vogue (madonna),"The comment expresses a positive association by comparing the song to a well-regarded track (Vogue), indicating enjoyment.",
Negative,This song is generic fluff. The only reason why it was so popular and successful is because so many people love Ariana Grande for no real reason. It has already been forgotten by mainstream radio.,The comment expresses disappointment and criticism regarding the song's quality and lack of lasting impact.,
Positive,I like it.Its giving some Madonna - Vogue vibes.Idk but i like it.For u who say its like H&M u clearly are born after Queens reign in 80's and 90's.Tottaly getting this vibe and im loving it.,"The commenter expresses clear enjoyment and positive comparisons, stating 'I like it' and 'im loving it'.",
Positive,Ngl i think i heard this beat bf?,"The commenter expresses a positive opinion by indicating they recognized and appreciated the beat, suggesting enjoyment.",
Positive,Madonna  vibes,The use of 'vibes' suggests a positive association with the music video and Madonna.,
Positive,The vibes tho ! ✨,The use of 'vibes' and the sparkle emoji indicate a positive and enthusiastic reaction to the music video.,
Positive,Getting major Ceeelebration times come one with the intro and verse,"The commenter expresses excitement and approval, using the enthusiastic slang 'Ceeelebration times'.",
Positive,"I really like this song, it has a ""Vogue"" by Madonna vibe and beat; the music video feels like it drew a lot of inspiration from Paula Abdul's music video for ""Cold Hearted"", give it a watch and you'll notice many similarities. Overall nice!","The commenter expresses clear enjoyment and appreciation for the song and video, using positive language like 'really like' and 'nice'.",
Positive,Madonna Vogue vibes,The comment expresses appreciation and association with a positive and iconic song by Madonna.,
Positive,Heard this song for the first time recently...very catchy!,The commenter expresses positive feelings using the word 'catchy'.,
Positive,"This gives me Cold Hearted, Paula vibes from the choice of location of music video","The comment expresses a positive association with the music video's visuals, referencing a well-regarded music video.",
Negative,here to wash my eyes after drag race ruined this song with worst lipsync of the century,"The comment expresses frustration and criticism of the song and performance, using terms like 'ruined' and 'worst lipsync'.",
Negative,I’m sorry that your video got ranked fourth place in who has the worst music video on YouTube but I think the best music video I’ve ever seen,"The comment expresses disappointment and criticism of the video's ranking, indicating a negative sentiment.",
Positive,I feel Madonna vibes,"The comment expresses a positive association with the artist Madonna, indicating a favorable sentiment.",
Positive,Ariana please do a collab with dua lipa :D. Would be a really powerful duo.,The commenter expresses enthusiasm and a positive opinion about a potential collaboration.,
Negative,bad melody rip off from madonna sound from the 90s,"The comment expresses disapproval with terms like 'bad melody' and 'rip off,' indicating a negative sentiment.",
Negative,She looks awfully thin.. eeek,"The comment expresses concern and a slightly panicked reaction ('eek') regarding the subject's appearance, indicating a negative sentiment.",
Positive,"I mean, I can agree with this being totally made for an H&M, but this song is catchy as hell at the same time. It was fun to play in Fortnite Festival as well.","The commenter expresses enjoyment and finds the song catchy and fun, indicating a positive reaction.",
Positive,"Comments, we get it, it sounds like you're trying on clothes at a store. It's called a VIBE. Yes, it has a retro beat. VIBE. Just... ask a queen. She gets it.","The comment uses encouraging and complimentary language ('ask a queen,' 'gets it') indicating a positive reception to the music video's vibe.",
Positive,How did I miss this? Such a vibe music,"The commenter expresses enthusiasm and appreciation for the music video's 'vibe,' indicating a positive reaction.",
Positive,"""Vogue"" vibes!  🔥",The use of 'Vogue vibes' and the fire emoji clearly indicate a positive impression of the music video.,
Positive,I like it. The chorus is very interesting and ear catching just by the songs own phrasing. It has the “Vogue” -ish beat and accompaniment. Very clever. Great catchy pop song!,The commenter expresses clear enjoyment and positive opinions about the song's features and overall quality.,
Positive,Ariana please don't have any choreography in your music videos!.. absolutely terrible LOL wow (catchy song though!!!),"The user expresses amusement ('LOL') and positive affirmation of the song's catchiness, despite criticism of the choreography.",
Positive,This beat goes hard asf 💪🏻♀️ love Ariana,"The commenter expresses enthusiastic support for the music video and Ariana Grande using strong positive language ('goes hard asf,' 'love').",
Positive,"FYI this song is made in a reverse way in terms of climax, meaning the first and second verse show how Ariana's voice can range up to virtuosity while the chorus is very low maintenance, generic. Interesting choice.",The commenter appreciates the vocal range demonstrated in the verses and finds the overall arrangement 'interesting'.,
Positive,Did somebody finally call Ariana out for being a narcissist? I was wondering what motivated the lyrics. This is her best work.,"The commenter expresses admiration for Ariana's work and suggests a thoughtful analysis, indicating a positive reception.",
Positive,"To this day, I’ll never understand the H&M joke that seems to permeate the release of every upbeat song. Like how is “Popular store plays popular song” a read? House music and empowerment anthems are great. If it puts people in a good enough mood to treat themselves to a new outfit, then it’s a **good** song…not a bad song, lol","The commenter acknowledges the song's positive effect and playfully dismisses the criticism, indicating an overall favorable opinion.",
Positive,Who get's also Madonna Vibes? 😁,The use of the emoji and reference to Madonna indicates a positive reaction to the music video.,
Positive,This is pure Madonna+Kylie Minogue in the 90's vibes,The commenter expresses a positive comparison to popular artists and a nostalgic feeling about the 90s.,
Negative,"Ihm Ahhriyaha Grahhhhnde, ahhhnd Ihhhhh sihhhhng so airy — Most annoying miget.","The comment uses excessive emphasis ('gharrr') and a derogatory term ('miget'), indicating a strongly negative opinion.",
Positive,"Love Ariiii... The music, lyrics also music video.. ""Yes, and"" so complete!!!!!","The commenter expresses enthusiastic praise and excitement about the music video, indicating a positive sentiment.",
Positive,am I the only one who got emotional?,The commenter expressing feeling 'emotional' indicates a positive reaction to the music video.,
Positive,Love these lyrics!,"The commenter expresses enthusiastic appreciation for the lyrics, indicating a positive sentiment.",
Positive,Vogue vibes,The comment expresses a positive association with the style and aesthetic of the music video.,
Negative,She got Cancer lookin vibes. I really hope she’s ok,"The comment expresses concern and worry about the artist's health, indicating a negative sentiment.",
Positive,I love this video it's kinda giving Palua Abdul Cold Hearted Snake vibes and I'm loving it,The commenter expresses clear enjoyment and positive feelings towards the video using phrases like 'I love this video' and 'I'm loving it'.,
Positive,This sure gives me Madonna Vogue vibes and that is quite alright,"The comment expresses a positive association with a well-regarded Madonna song, indicating a favorable opinion.",
Positive,Ooh I like this. Been doing a deep dive on Katy’s music just in time for the new album.,The commenter expresses a clear positive reaction with 'I like this' and mentions enjoying a deeper exploration of Katy's music.,
Positive,Madona vibes,"The comment expresses a positive comparison to Madonna, indicating appreciation for the music video's style.",
Positive,Paula Abdul vibes ❤,The use of 'vibes' and the heart emoji clearly express a positive association with Paula Abdul's music and style.,
Positive,"idk why people say Ari has changed. I can see the same Ari, her lyrics are still being sassy and this time is more mature","The commenter expresses a positive opinion, stating that Ari's style and lyrical content remain consistent and mature.",
Positive,Basically shes saying you Dont know what somebodys going through in life and that could something could be alot of things and that could affect alot mentality  visically emotionally so were all human we all deal with things in our own way and i dont need your nasty comments,"The commenter is defending the artist and expressing empathy, indicating a positive sentiment towards the video and the artist's struggles.",
Positive,Happy vibes ✨,The use of 'Happy vibes' clearly expresses a positive emotion about the music video.,
Positive,"i hate most elements of this song, but the chorus is a fucking banger. the blokes dancing and feeling it is A star as well lol","Despite initial dislike, the commenter highlights a strong positive reaction to the chorus and the accompanying visuals.",
Negative,"This is not good music. There's no catch to it at all, and the lyrics are sophomoric at best.","The comment expresses dissatisfaction with the music's quality and lyrical content, clearly indicating a negative sentiment.",
Positive,Beat sound like bangers from the early 1990s,"The commenter expresses positive enthusiasm by describing the beat as 'bangers,' indicating a favorable opinion.",
Negative,"Was a good song maybe first few days it came out then it got played 6 times a day for 2 months like every other bloody song on radio, why do radio stations ruin songs it's damn annoying","The comment expresses frustration and annoyance with the song's overexposure on radio, indicating a negative sentiment.",
Positive,"Absolute perfection.  Great chorey, costumes, set. Ahweet lyrics and a nice up yours to the haters 😂","The commenter expresses enthusiastic praise for multiple aspects of the video, using terms like 'absolute perfection' and 'Ahweet,' indicating a highly positive reaction.",
Positive,anybody else getting paula abdul cold hearted vibes?,The commenter is expressing a positive observation about the song's theme and Paula Abdul's perceived portrayal of it.,
Positive,The Madonna vibe is awesome!,"The commenter expresses a positive opinion about the video's style, stating it has an 'awesome' Madonna vibe.",
Positive,meu passatempo preferido é fuçar as músicas da Ari e comentar '❤️',"The user expresses their enjoyment of Ari's music by using a heart emoji, indicating a positive sentiment.",
Positive,This song is like vogue vibes.,The commenter uses a positive descriptor ('vogue vibes') to describe the song.,
Neutral,Noticed I heard the beat of this song some years ago than it struck my mind it's the same beat of Michael Jacksons ghost mousee t mix,"The comment expresses a recollection and comparison, lacking explicit positive or negative emotion regarding the song itself.",
Positive,TOUCH HER AGAIN AND THIS  UNIVERSE WILL NOT MATTER AND FUKKK THE HOLY BIBLE YOU HEARD I PORTALS OPEN….,"The comment expresses enthusiastic excitement and a desire for further action, indicating a positive feeling towards the music video.",
Positive,"i literally watched this 7 minutes after it came out, in US History class. Still such a catchy and amazing song omggg","The user expresses enthusiastic praise for the song using words like 'catchy,' 'amazing,' and 'omggg,' indicating a positive sentiment.",
Positive,"Im here after seeing sly stone aka Sylvester Stallone viral dance vid, way before my time but I wanted to channel his nastalgia moment, understand what he wad feeling, smokeys smooth voice , I can see where sly had a moment","The comment expresses nostalgic enjoyment and appreciation for the video and its creator, indicating a positive sentiment.",
Positive,The devil Wears Prada vibe and I love the style. It lightens up my mood 😊,The commenter expresses a positive feeling ('I love it') and uses an emoji to further indicate enjoyment.,
Positive,Madonna vibe all the way :),The use of 'vibe' and the smiley face clearly indicate a positive reaction to the music video.,
Positive,Gives me ff13 vibes,"The comment expresses a positive association, implying a similar and enjoyable musical experience like *Final Fantasy XIII*.",
Positive,Paula Abdul Vibes!! 👏🏽👏🏽👏🏽,The use of clapping emojis and the reference to Paula Abdul indicates enthusiastic approval of the video.,
Positive,Kylie Minogue vibes ❤,The use of the emoji and the reference to Kylie Minogue suggest a positive and appreciative reaction to the music video.,
Negative,Jhene is a witch a high priestess in reverse and stole her man,"The comment expresses negative feelings through accusations of manipulation ('stole her man') and a derogatory term ('witch'), indicating a negative sentiment.",
Positive,"Uh, anyone getting the Paula Abdul - Cold-Hearted Snake vibes?","The commenter is referencing a positive musical influence (Paula Abdul's 'Cold-Hearted Snake'), indicating a favorable connection.",
Positive,This is giving me strong Madonna vibes,"The commenter is expressing a positive association with the music video, comparing it favorably to Madonna's style.",
Positive,"Yes, she’s a homewrecker, and? It’s such a catchy song regardless, a literal banger.","Despite the initial criticism, the commenter ultimately expresses enjoyment and approval of the song's quality and catchiness.",
Neutral,So her turning to stone has something to do with trolls? Is she a troll? Internet trolls? Or her just trolling about something she’s not apologetic for?,"The comment expresses curiosity and a thought-provoking question, lacking explicit positive or negative emotion.",
Positive,Uma vibe anjos lamentadores de doctor who.,The use of 'anjos lamentadores' (angelic lamenters) suggests a positive and evocative feeling associated with the music video.,
Positive,the lyrics said dont commnet on my body do not reply hit me hardddddd ithernal sunshine to the wolrd best comeback ever,"The user expresses enthusiastic support with phrases like 'best comeback ever' and an exclamation of excitement, indicating a positive sentiment.",
Positive,Great song! I love the vibe! It doesn’t sound like annoying and pointless noise like most songs of today.,"The commenter expresses enthusiastic enjoyment and praise for the song, indicating a positive sentiment.",
Neutral,That rising drum progression into the chorus is straight from I’m Too Sexy by Right Said Fred.,"The comment acknowledges a similarity to another song, but doesn't express a positive or negative opinion about the music video itself.",
Positive,Ariana is beatiful ❤,The use of the heart emoji and the positive adjective 'beautiful' clearly indicates a positive sentiment.,
Positive,Definitely Madonna vibes,"The comment expresses a positive association with the artist Madonna, indicating enjoyment.",
Negative,Is it just me or does the music actually looks disconnected from the vocals of the song??,"The commenter expresses a critical opinion about the music video, stating the music appears 'disconnected' from the vocals.",
Negative,These lyrics are not the slay she thought they would be and it honestly just comes off as disrespectful. Nobody is mad about her ponytail.....that's literally not the problem and she knows it.,"The comment expresses frustration and criticism regarding the lyrics and the artist's reaction, indicating a negative sentiment.",
Positive,Madonna's Vogue kinda vibe,The comment expresses a positive appreciation for the song's 'vibe'.,
Negative,generic voice... and what happened to Grande's hair???,The comment expresses disappointment and criticism regarding the music video's production quality and Grande's appearance.,
Positive,Is it just me or does this video give Paula Abdul Cold Hearted Snake vibes?,"The comment expresses a positive comparison, referencing a well-regarded and nostalgic element of Paula Abdul's work.",
Positive,I got the vibe of the vogue song,The comment expresses a positive feeling (,
Negative,The  audacity to use Mac Miller's lyrics from such a good and deep song for excusing cheating. Breaks my heart,The comment expresses sadness and disappointment regarding the use of the song's lyrics in a way that criticizes the situation it describes.,
Positive,"Eternal sunshine is such a great album; so many references to other artists, both her peers and other, former divas. ""Yes, and?"" feels like such a tip of the hat to Madonna with her Vogue era and also makes me remember ""Material Girl"" with its sassyness during the verse. Love it!","The commenter expresses strong positive feelings about the album, highlighting specific references and describing them as 'love it!'",
Neutral,please on the subtitle read the lyric you will heal by the lyrics alone,"This comment expresses a suggestion for viewers to interpret the music through the lyrics, lacking explicit positive or negative emotion.",
Positive,The chorus reminds me of one of Madonna's song. Im not sure if it is vouge,"The comment expresses a positive comparison to a well-regarded artist, suggesting enjoyment of the music video.",
Negative,"Não é possível que essa música tem mais de um ano,o tempo passa muito rápido 😢😢",The use of crying emojis (😢😢) and the statement about time passing quickly suggests sadness and a negative emotional response to the song.,
Positive,I always feel a Madonna vibe,The commenter expresses a positive association with Madonna's music and style.,
Positive,I’m getting Madonna vibes,"The comment expresses a positive association with the artist, indicating appreciation and enjoyment of the music video.",
Positive,"Love it when she sings „hold your stone achi achi achi achi achi achi, pull your beer back and-a pull your beer applesauce“","The commenter expresses enjoyment of the song's lyrics and delivery, indicating a positive sentiment.",
Positive,Yes i listening music now yes good Vibe  need replay now have time watch Like music Like good music can all day and now i change  here have more CD i see all and listen next now or tomorrow bye bye is night Like batsss,"The commenter expresses enjoyment of the music and a desire to listen to it again, indicating a positive sentiment.",
Positive,The vocals are absolutely stunning!,The use of the word 'stunning' clearly indicates a highly positive reaction to the vocals.,
Positive,Vibe2025🤞,The use of the praying hands emoji indicates a positive feeling towards the music video.,
Positive,"It feels and sounds like...Madonna! Got them ""Vogue"" vibes!","The commenter expresses a clear appreciation for the video's similarity to Madonna's 'Vogue,' indicating a positive sentiment.",
Positive,I don't get the statue espue vibe its giving aliyah  aka akashka  from queen of the damd . But I must admit.  I love her voice very angelic,"The comment expresses a positive appreciation for the artist's voice, describing it as 'very angelic'.",
Negative,ß and English especially American courts the lyrics woulda look like,"The comment expresses criticism of the lyrics, implying they are poorly written and inappropriate.",
Negative,Is anyone noticing that she’s projecting witch craft she turns into stone when the light is on her and she does a spell on the audience before the wack ass show is over. She is not of light. She is a dark witch!,The commenter expresses strong negative opinions about the artist's portrayal as a 'dark witch' and criticizes her actions as 'wack ass'.,
Positive,ZARA Vibes,The comment expresses enthusiasm and approval with the phrase 'ZARA Vibes' suggesting a positive feeling.,
Positive,"very very very Madonna ''VOGUE'' vibe, flow and beat",The enthusiastic repetition of 'Madonna ''VOGUE'' vibe' clearly indicates a positive appreciation for the music video.,
Negative,Ariana Grande - could have done better with her career - this track is a decent house track throwback to a great time in dance music in the 90s - but the lyrics and content that ariana grande puts forward is clearly sexual predator shit written by men - its dissappointing that she allows herself to be the vehicle to push this crap in to the psyche of our younger generation. DEGENERATE generation.. great track.. shitty lyrics,"The comment expresses disappointment and criticism regarding Ariana Grande's lyrics and the song's impact, dominated by negative language.",
Negative,Forever 21 vibes....or claires,"The comment uses terms ('Forever 21 vibes,' 'Claire's') associated with fast fashion and often perceived as low-quality, indicating a negative judgment.",
Positive,These are some nice 80s/90s Madonna vibes. 🫶🏼,The commenter expresses a positive opinion by referencing a desirable and nostalgic musical influence.,
Positive,Madonna’s Vogue vibes❤,The use of the heart emoji and the direct reference to 'Vogue vibes' indicates a positive sentiment towards the music video.,
Positive,Someone please give us an extended version of the beat with only the chorus...instant club banger,"The commenter expresses strong enthusiasm and desires for an extended version, indicating a positive feeling about the music.",
Positive,happy birthday yes and i will never forgive those people who said this song is generic!!!,"The user expresses joy with 'happy birthday' and explicitly rejects negative criticism, indicating a positive sentiment towards the music video.",
Positive,Ariana grande always have músic beatiful 😮😅❤...! /! /,The use of emojis like '😮' and '❤' indicates a positive feeling towards Ariana Grande's music.,
Neutral,"¿En qué temporada de la ""moda"" me perdí? Que todo lo quieren hacer un bluque de tiempo...¯⁠\⁠_⁠(⁠ツ⁠)⁠_⁠/⁠¯🤔🤨🎮🕵️🕹️","The comment expresses a confused and slightly amused reaction to the video's style, lacking strong positive or negative emotion.",
Positive,I'm getting Ciara vibes from this song...Does anyone?,"The comment expresses a positive comparison to the artist Ciara, indicating enjoyment of the song's style.",
Positive,"Yes, and? Já tem 1 ano... como o tempo passa rápido... parece que foi ontem que eu tava escutando e pulando de felicidade por ter uma música nova da Ari...","The commenter expresses fondness and nostalgia for the song, indicating a positive emotional response.",
Positive,Interesting. Janet Jackson/90's Madonna vibes.,"The comment expresses a positive comparison to influential musical artists, indicating enjoyment.",
Positive,"This is so early 90’s Pop House, they got the vibe spot on here.","The commenter expresses positive enthusiasm, describing the video's vibe as 'spot on'.",
Negative,How can such a terrible person sing so well? It's like listening to Unchained Melody  sung by Hitler,The comment expresses strong disapproval and compares the singer to a historical figure associated with extreme negativity and violence.,
Positive,It took me too long to realize she's doing a Doctor Who Weeping Angel reference when she turns to stone with her eyes covered.,"The comment expresses admiration and recognition of a clever artistic reference, indicating a positive response to the video's creativity.",
Positive,"My favourite part is when ariana grande said "" its homewrecking spongebobin time "" and homewrecked spongebobbed the song it was so emotional","The commenter expresses a clear fondness for a specific lyric and describes it as 'emotional,' indicating a positive reaction.",
Positive,"As Gen X, I hear heavy Vogue vibes… just say’n","The commenter expresses a positive comparison to the music video, referencing a well-regarded artist and style.",
Positive,getting madonna vibes,"The comment expresses a positive comparison to a well-regarded artist, suggesting enjoyment of the music video.",
Positive,This MV kinda gives me a little bit of OMG by NEWJEANS vibes,"The comment expresses a positive comparison to a well-regarded song, indicating enjoyment.",
Positive,Madonna vibes here,"The comment expresses a positive association with the music video, referencing the iconic singer Madonna.",
Positive,Me senti na vibe de glee,The comment expresses a feeling of enjoyment and connection ('na vibe') associated with the music video.,
Positive,Beats mad only saw this as a brief snippet thought i found the first song of hers I'd like chorus is booping,"The commenter expresses enthusiasm using words like 'mad' (likely meaning 'great') and 'like', indicating a positive reaction to the video.",
Positive,"Omg i still love this song year on! such positive vibes, my mom said reminds her of vogue from madonna",The comment expresses strong positive feelings about the song and associates it with positive memories and a beloved artist.,
Positive,We dance to this every night at my Halloween haunt job and we love it!! Such a great great song the vibe to it is so organic,"The user expresses strong positive feelings about the song and its use at their job, using enthusiastic language like 'love it' and 'great great'.",
Positive,Rollin in the deep w a dell vs Mac book 😂😂😂😂,The use of brand names (Dell and MacBook) combined with laughter emojis indicates amusement and a positive reaction to the video.,
Positive,i LOVE this lyrics,The use of 'LOVE' explicitly expresses a positive feeling about the lyrics.,
Positive,"Great coreography, great dancing, catchy melody, good tempo.  Could have used less screen time for the ""spectators"".",The comment expresses overall positive feedback regarding the music video's elements and execution.,
Positive,the first part gives Disney writing vibes ngl,"The comment expresses a positive sentiment by comparing the music video to Disney's creative style, indicating enjoyment.",
Positive,This beat gives me Vogue Madonna),"The comment expresses a positive association with the music video by referencing a well-known and highly praised song, indicating enjoyment.",
Neutral,I'm lasted at least as a laissez to a free see .. lessen outs longs even resties above has realities facts to be a needs singled I did all over times Ed.  At leashed faiths to it bk to the was steeling the thoughts bewitched the neared of prayer 😅to all in as I'm am the all in wised trusted this lifed outs be leased sounds eventing x true os j hooks at leased to ii a need a be quite s letters falls overs likes to of did don't  crossed the mildly 😊 just inters sides to as welled keeps to watches uu pear feels especially a brake to some lifted lessening fears righted to a slithered  his s lows to seed alongside justed to Abe y sweallyed in all nices in loves those ones to life's greatest all outs noises haven a did we free neaterul stays but been to it free intered a means I costs v uu longs as tried is well should all in life's doesn't make you feel something like this still available to all heart's stays free want hart uu matches with sedum in it own life and qouts because in life even outs to sounds doesn't lowen just lifted realized true be to ends a better leashed Dea function that feats to all noises everything bested likes a was uu belive a small pears a ii to this holed next aaa be trees to but keep it all realizes own to see no see lights a be in seems facts I rather be at nevertheless to a outs what see the quits to ends a nether voice to be even to its own best soul is dated in weled that's did neas a Reaves four a kind who or deosent fees above the saints to as been bailey 💙 ❤️ in its true fume as life's welled to sides at we  be a one's to alonged a being to others greats looks in try a let's no see . Just tried to outs sides just be inters life's with a alonged seats in one sea 3 7 fallening allaboved steeled never gives use the outs if we belonged to it tried stayed outs sou ds of fees that's does sweally  neaterul to mosted looked to gives those allbouts all in life's even his greats lows to its realliesd a never Landes gives a deed mosten just reamer miles mind's is going to feels belonging is truthful  all defects the abellde to is Pearland its fears life's pear finding four use the one wish I would Parthenon sides a wall to not Deutsche to are act of just deed facts layer in its soul a mind be parts to a tables sounds be bested life's good at just gives trusted belong tails we one's it realyed true ooo mm be aaa only sweetly just only life's stands to it deflects to the beat . Is fact it took my heart four to blocks with a freand.  His radio by bass .,"The comment is largely nonsensical and lacks clear emotional expression, rendering a definitive sentiment classification impossible.",
Positive,I’m a theater geek. An emotional geek. And an Ariana geek. Geeking out!,The commenter expresses enthusiastic excitement and enjoyment (,
Positive,Yall can play this song New Years Eve just play this video exactly at 11:56:28 and Ari will sing Yes And with high notes to starts your year 🎉,"The comment expresses excitement and appreciation for the song and performance, indicated by the celebratory emoji and enthusiastic phrasing.",
Positive,Im getting Vouge ( Madonna ) vibe with the beat and COLD HEARTED ( Paula Abdul ) for the choreography,"The commenter expresses a positive association with the music and choreography, describing them as 'Vogue' and 'COLD HEARTED', which are generally considered positive references.",
Positive,"My favourite part when ariana grande said ""its homewreckin spongebobin time"" and proceeded to homewreck spongebob the song it was very emotional","The commenter expresses a strong positive reaction and describes the moment as 'very emotional,' indicating enjoyment.",
Positive,Jennifer's Body is one of my all time favorite movies. This video was done so well that I confused it with the actual movie! And the song is perfect for the vibe!,The commenter expresses strong positive feelings about the video and the song's fit with the movie's atmosphere.,
Negative,This song sucks. Probably one of the 3 worst on the album. 😢,"The comment uses explicitly negative language ('sucks', 'worst') and includes a sad emoji, indicating a strongly unfavorable opinion.",
Negative,"She has changed a lot, even her skin tone, she is whiter than white now. Her speaking voice has become more child like too, you could mistake her for Billy Eilish with this song too.","The comment expresses a critical and potentially uncomfortable observation about the artist's appearance, using terms like 'whiter than white' and comparison to Billy Eilish, indicating a negative sentiment.",
Positive,This Song gives me the 2000 vibes,"The comment expresses a positive association with the song, referencing a nostalgic and generally well-regarded era (",
Positive,Anyone else here for the rocket league beat?,"The commenter expresses enjoyment and inclusion in a group appreciating the music video's connection to Rocket League, indicating a positive sentiment.",
Positive,Killer song. Lyrics are right on the line separating empowerment and egomania.,"The commenter uses strong positive language like 'Killer song' and expresses a considered, albeit complex, positive opinion about the lyrics.",
Positive,its beatiful this song,The commenter expresses a positive opinion by stating the song is 'beautiful',
Positive,Her vocals remind me of janet jackson's..,"The commenter is comparing the vocals favorably to a highly praised artist, indicating a positive opinion.",
Positive,"How do you know when you've caught a good witch. You wake up in a jet listening to UFO the band, Van Halen the teacher, AC/DC, The Beatles, Led Zeppelin, Def Leppard, and Stephanie Lloyd on the guitar, Ariana Grande, on Dolby stereo system or Sony. Going to Hawaii.",The commenter expresses excitement and enjoyment about the musical lineup and experience.,
Positive,arianas light as a feather and beather than ever,"The commenter expresses enthusiastic admiration for the song, using superlative language ('light as a feather' and 'beather than ever').",
Positive,This is giving me Cold Hearted Snake vibes. Now I need to check out Paula Abdul’s Cold Hearted Snake video. This is cute. Very cute.,The commenter expresses positive feelings by referencing a well-regarded music video and repeatedly uses the word 'cute'.,
Negative,"Actually this chorus even blanker than original,why you guy need to pretend that if meovv debut with the song with 55% of lyrics are adlips in more noisy version would be great😅","The comment expresses frustration and criticism regarding the song's lyrics and production quality, using emojis to convey a negative emotional response.",
Negative,thats by far the worst song i have ever heard. you should think ariana is rich enough to buy someone who actually knows how to write music!,The comment expresses strong disapproval and criticizes the musical quality of the song.,
Positive,style and grace old soul deep eyes and like perfect placement. mad flow. made my day today. thnks,"The commenter expresses enthusiastic appreciation for the music video's style, flow, and the positive impact it had on their day.",
Positive,Love it! Gives me Madonna vibes.,The commenter expresses enthusiastic approval and a positive association with the music video's style.,
Positive,I like the beat .,The commenter expresses a clear preference for the music video's beat.,
Positive,Great beat,The use of the word 'great' indicates a positive evaluation of the music video's beat.,
Positive,"Got Madonna vibes from this, cool song :)",The comment expresses a positive comparison to Madonna and includes an enthusiastic smiley face.,
Positive,Madonna vibe❤,The comment expresses a positive sentiment by referencing a highly regarded artist and using a heart emoji.,
Positive,Gives me Madonna “strike the pose” vibes….,The comment expresses a positive association with a well-regarded Madonna song and video.,
Negative,This is one catchy song but Mac miller said on multiple occasions say it with your chest. So it’s pretty messed up she’s using a phrase he liked to use when she is talking about smashing another man. On top of the fact Mac miller has passed. 😢,"The comment expresses sadness and criticism regarding the artist’s use of a phrase associated with a deceased artist, suggesting a negative reaction to the song and its implications.",
Positive,Cold Hearted Snake vibesssss 🐍🖤,The use of enthusiastic emojis and positive descriptors like 'vibesssss' clearly indicates a positive sentiment.,
Positive,"A Vibe da Música é Muito Boa, Gostei Muito !!! ❤️",The commenter expresses strong positive feelings about the music video using phrases like 'Muito Boa' and 'Gostei Muito' with an emoji.,
Negative,idk why this just gets me really emotional . this was her first single since postions and she’s so frail looking it makes me so sad we just want the best for our girl. (duh i know she has the lyrics don’t comment on my body do not reply) but when her bones are so visible you can’t help but be sad,"The comment expresses sadness and concern about the artist's appearance, indicating a negative emotional response.",
Negative,"“What’s mine is mine” and “Why do you care who’s dick i ride” are diabolical lyrics after stealing someone’s husband.  She will grow weary of him when she stops doing the musical theatre Caucasian cosplaying and goes back to black face, she will need another “gangster” then.",The comment expresses strong disapproval and insults directed at the artist and their music through harsh and offensive language.,
Positive,Ooh Paula Abdul vibes,"The comment expresses a positive comparison to a well-regarded musical artist, indicating enjoyment.",
Positive,"Im in love with allllllll her mac mill references from ger lyrics.. to the name of albums... to lil gestures she does... its sad but she hella honors him.. ""SAY THAT SGIT WIT YO CHEST""","The commenter expresses admiration and appreciation for the artist's tribute to Mac Miller, indicating a positive sentiment.",
Negative,"song is dope, lyrics sucks",The comment expresses a negative opinion due to the criticism of the lyrics while acknowledging a positive aspect of the song.,
Positive,SO MELHORA COM TEMPO,"The comment expresses a positive sentiment, indicating that the video improved over time.",
Negative,It is awful!,The comment expresses strong dissatisfaction and criticism of the music video.,
Positive,Everyone is saying 90’s vibes but is anyone else feeling this video is very Paula Abdul cold hearted snake vibes?,"The comment expresses a positive association with Paula Abdul's music and style, indicating enjoyment and appreciation.",
Neutral,🤔👉sound of universe kuyil?,"This comment expresses curiosity and a question about the music, lacking explicit emotional expression.",
Positive,"This song is the second edition of Madonna Vogue (listen to the lyrics and the sound and the context as well as the choreography!) I think I only like it because of this! It reminds me on the song vogue by Madonna. Also if anyone spotted it it's like you go in to watch a performance of a non-existent person (it's all fiction/false projection, just like a vampire or anything empty shell scenario being) because once it's not dark anymore and the light comes through the windows (covers being removed!) she literally turns into a wax/ceramic figure with her eyes being covered up. So she who encourages you to be free and do whatever you want and be whoever you want to be actually doesn't even have a life within herself therefore she's bined and under control or seriously disabled by her not even being alive but rather ""dead"" and just an empty vessel of some sort. The amount of direct opposites and counterfeiting statements and falseness (deceiving nature) of it all is crazy! She's saying words but they are essentially all empty...still it works because people are clearly hypnotized and put under a spell by the words that are being spoken rather they pay attention to the action behind the words. The whole coreography and all details in the movie are telling a completely different story that she's singing about. Very interesting! No one even cares to acknowledge this fact. Not to mention the groups attending these repeated (robotic shallow) performance (as it's depicted in the video to be like this with the symbolism all over it!) it's evident that each group is leaving with a higher spirit directly because of the performance: like someone programmed you to feel like that because it's also clear that they have no idea why they are acting like this and they still do (it feels like it's a rather subconscious programming going on! I heard M.K. U.L.T.R.A Really? Who knows right!? She covers her eyes. She's showing a black mirror and she's reflecting back at her audience. Very very interesting song and performance. Well done Ariana. You are a clever girl! 💯","The commenter expresses admiration for the song and performance, highlighting its intriguing symbolism and cleverness, despite acknowledging a degree of deception.",
Positive,VIBEOLICOUS 💋 💋,The use of emojis like '💋' indicates enthusiastic approval and positive sentiment.,
Positive,Omg this is giving me Paula Abdul vibes with the vid ❤❤❤,The use of 'vibes' and the heart emojis clearly indicate a positive reaction to the music video.,
